Issue Type,Summary,Description,Story Points,Priority,Sprint,Component,Dependencies,Acceptance Criteria,Test Coverage Required,Assignee,Epic Color
Epic,F001 - Platform Foundation,Core authentication and multi-tenancy setup for the Atraiva platform,240,P0,,Foundation,,Multi-tenant authentication system working with Clerk integration,80%,,#E3F2FD
Story,F001-01 - Firebase Project Setup,Initialize Firebase project with proper configuration and security rules,8,P0,Sprint 1,Foundation/Backend,,Firebase project configured with Firestore and proper security rules,85%,,#E3F2FD
Task,F001-01-01 - Create Firebase project and configure settings,Create new Firebase project with proper settings and billing,3,P0,Sprint 1,Foundation/Backend,,Firebase project created and configured,85%,,#E3F2FD
Task,F001-01-02 - Setup Firestore database with collections,Initialize Firestore with basic collections and indexes,3,P0,Sprint 1,Foundation/Backend,F001-01-01,Firestore collections created with proper schema,85%,,#E3F2FD
Task,F001-01-03 - Configure security rules for multi-tenancy,Implement Firestore security rules for tenant data isolation,3,P0,Sprint 1,Foundation/Backend,F001-01-02,Security rules prevent cross-tenant data access,95%,,#E3F2FD
Story,F001-02 - Clerk Authentication Integration,Integrate Clerk.dev authentication with Firebase backend,13,P0,Sprint 2,Foundation/Backend,F001-01,Clerk authentication working with user creation in Firebase,90%,,#E3F2FD
Task,F001-02-01 - Setup Clerk project and configuration,Configure Clerk project with proper settings and webhooks,5,P0,Sprint 2,Foundation/Backend,F001-01,Clerk project configured and operational,90%,,#E3F2FD
Task,F001-02-02 - Integrate Clerk SDK with Next.js,Install and configure Clerk SDK in Next.js application,5,P0,Sprint 2,Foundation/Backend,F001-02-01,Clerk SDK integrated and authentication flows working,90%,,#E3F2FD
Task,F001-02-03 - Setup user synchronization with Firebase,Create webhook handlers to sync Clerk users with Firebase,3,P0,Sprint 2,Foundation/Backend,F001-02-02,User data synchronized between Clerk and Firebase,90%,,#E3F2FD
Story,F001-03 - Multi-Tenant Organization Architecture,Build multi-tenant architecture with organization isolation,13,P0,Sprint 2,Foundation/Backend,F001-02,Organizations properly isolated with tenant-specific data access,90%,,#E3F2FD
Task,F001-03-01 - Design organization data model,Create Firestore collections for organizations and membership,5,P0,Sprint 2,Foundation/Backend,F001-01-02,Organization data model supports multi-tenancy,90%,,#E3F2FD
Task,F001-03-02 - Implement tenant context middleware,Create middleware to inject tenant context into requests,5,P0,Sprint 2,Foundation/Backend,F001-02-02,Tenant context properly maintained across requests,90%,,#E3F2FD
Task,F001-03-03 - Build organization switching functionality,Allow users to switch between organizations they belong to,3,P0,Sprint 2,Foundation/Backend,F001-03-02,Users can switch organizations seamlessly,85%,,#E3F2FD
Story,F001-04 - API Security and Session Management,Implement comprehensive API security and session management,13,P0,Sprint 2,Foundation/Backend,F001-02,All protected endpoints require valid authentication with proper session management,95%,,#E3F2FD
Task,F001-04-01 - Create authentication middleware,Build middleware to protect API endpoints with authentication,5,P0,Sprint 2,Foundation/Backend,F001-02-02,Authentication middleware protects all secured endpoints,95%,,#E3F2FD
Task,F001-04-02 - Implement rate limiting and security headers,Add rate limiting and security headers to API responses,3,P0,Sprint 2,Foundation/Backend,F001-04-01,Rate limiting prevents abuse and security headers set,80%,,#E3F2FD
Task,F001-04-03 - Build session management backend,Create server-side session management with timeout and renewal,5,P0,Sprint 2,Foundation/Backend,F001-04-01,Sessions managed properly with timeout and renewal,85%,,#E3F2FD
Story,F001-05 - Audit Logging and Monitoring,Build comprehensive audit logging for all user actions,8,P0,Sprint 2,Foundation/Backend,F001-03,All user actions logged with immutable audit trail,90%,,#E3F2FD
Task,F001-05-01 - Implement audit logging system,Create audit logging for all database and API operations,5,P0,Sprint 2,Foundation/Backend,F001-03-02,All user actions logged with proper metadata,90%,,#E3F2FD
Task,F001-05-02 - Setup monitoring and alerting,Configure monitoring dashboards and alerts for system health,3,P0,Sprint 2,Foundation/Backend,F001-05-01,Monitoring alerts trigger for system issues,85%,,#E3F2FD
Story,F001-06 - Frontend Authentication Implementation,Build React authentication components and flows,21,P0,Sprint 2,Foundation/Frontend,F001-02,Complete authentication flows working in browser,85%,,#E3F2FD
Task,F001-06-01 - Setup Next.js project with TypeScript,Initialize Next.js 15.4+ with TypeScript and project structure,5,P0,Sprint 1,Foundation/Frontend,,Project builds successfully with TypeScript strict mode,80%,,#E3F2FD
Task,F001-06-02 - Install Tailwind CSS and shadcn/ui,Setup styling system with Tailwind CSS and shadcn/ui components,3,P0,Sprint 1,Foundation/Frontend,F001-06-01,Design system components render correctly,80%,,#E3F2FD
Task,F001-06-03 - Build login and signup components,Create React components for login and signup with validation,8,P0,Sprint 2,Foundation/Frontend,F001-06-02,Login/signup components work with proper validation,85%,,#E3F2FD
Task,F001-06-04 - Implement password reset flow,Build password reset request and confirmation components,3,P0,Sprint 2,Foundation/Frontend,F001-06-03,Password reset flow works end-to-end with email,80%,,#E3F2FD
Task,F001-06-05 - Create protected routes system,Implement route protection based on authentication status,2,P0,Sprint 2,Foundation/Frontend,F001-06-03,Protected routes redirect correctly based on auth status,90%,,#E3F2FD
Story,F001-07 - Testing and Quality Assurance,Comprehensive testing of authentication system,21,P0,Sprint 3,Foundation/Testing,F001-06,All authentication flows tested with high coverage,90%,,#E3F2FD
Task,F001-07-01 - Unit tests for authentication components,Write unit tests for all React authentication components,8,P0,Sprint 3,Foundation/Testing,F001-06-03,Auth components tested with 100% coverage,100%,,#E3F2FD
Task,F001-07-02 - Unit tests for API endpoints,Write unit tests for all authentication API endpoints,5,P0,Sprint 3,Foundation/Testing,F001-04-01,Auth APIs tested with 100% coverage,100%,,#E3F2FD
Task,F001-07-03 - Integration tests for auth flows,Test complete authentication flows with integration tests,5,P0,Sprint 3,Foundation/Testing,F001-06,Authentication flows tested in integrated environment,85%,,#E3F2FD
Task,F001-07-04 - End-to-end authentication tests,Test complete user journeys from UI to backend,3,P0,Sprint 3,Foundation/Testing,F001-07-03,Complete auth journeys work end-to-end,85%,,#E3F2FD
Story,F001-08 - Security Testing and Hardening,Security testing and vulnerability assessment,13,P0,Sprint 3,Foundation/Security,F001-04,No authentication vulnerabilities found,95%,,#E3F2FD
Task,F001-08-01 - Authentication bypass testing,Test for authentication bypass vulnerabilities,5,P0,Sprint 3,Foundation/Security,F001-04-01,No authentication bypass vulnerabilities found,95%,,#E3F2FD
Task,F001-08-02 - Session security testing,Test session security and hijacking prevention,5,P0,Sprint 3,Foundation/Security,F001-04-03,Sessions secure against hijacking attacks,95%,,#E3F2FD
Task,F001-08-03 - Multi-tenant data isolation testing,Test for data leakage between tenants,3,P0,Sprint 3,Foundation/Security,F001-03,No tenant data leakage detected,95%,,#E3F2FD
Epic,F002 - User Management & RBAC with Dashboard Framework,User management system with role-based access control and unified dashboard framework,385,P0,,Foundation,,Complete RBAC system with dynamic dashboard generation based on user roles,85%,,#E8F5E8
Story,F002-01 - User Management System,Build comprehensive user management backend operations,21,P0,Sprint 4,Foundation/Backend,F001-03,User management system with CRUD operations and role assignments,90%,,#E8F5E8
Task,F002-01-01 - Design user and role data models,Create Firestore collections for users roles and permissions,8,P0,Sprint 4,Foundation/Backend,F001-03-01,User and role data models support complex RBAC,90%,,#E8F5E8
Task,F002-01-02 - Build user CRUD API endpoints,Create API endpoints for user management operations,8,P0,Sprint 4,Foundation/Backend,F002-01-01,User CRUD operations working with proper validation,90%,,#E8F5E8
Task,F002-01-03 - Implement role assignment system,Build system for assigning and managing user roles,5,P0,Sprint 4,Foundation/Backend,F002-01-02,Role assignment system working correctly,95%,,#E8F5E8
Story,F002-02 - Organization Management System,Build multi-tenant organization management with hierarchy,18,P0,Sprint 4,Foundation/Backend,F002-01,Organization management supporting parent-child relationships,90%,,#E8F5E8
Task,F002-02-01 - Design organization hierarchy model,Create data model supporting parent-subsidiary relationships,5,P0,Sprint 4,Foundation/Backend,F002-01-01,Organization hierarchy model supports complex structures,90%,,#E8F5E8
Task,F002-02-02 - Build organization CRUD operations,Create API endpoints for organization management,8,P0,Sprint 4,Foundation/Backend,F002-02-01,Organization CRUD operations functional,90%,,#E8F5E8
Task,F002-02-03 - Implement invitation system,Build user invitation and onboarding workflow,5,P0,Sprint 5,Foundation/Backend,F002-02-02,Invitation system working with email verification,90%,,#E8F5E8
Story,F002-03 - RBAC Permission System,Implement comprehensive role-based access control,21,P0,Sprint 4,Foundation/Backend,F002-01,RBAC system enforcing permissions across all endpoints,95%,,#E8F5E8
Task,F002-03-01 - Design permission matrix,Define complete permission structure for all user roles,5,P0,Sprint 4,Foundation/Design,F002-01-01,Permission matrix covers all system operations,N/A,,#E8F5E8
Task,F002-03-02 - Build permission checking system,Implement backend permission validation for all operations,8,P0,Sprint 4,Foundation/Backend,F002-03-01,Permission checking prevents unauthorized access,95%,,#E8F5E8
Task,F002-03-03 - Create permission middleware,Build middleware to enforce permissions on API endpoints,8,P0,Sprint 4,Foundation/Backend,F002-03-02,Permission middleware protects all secured endpoints,95%,,#E8F5E8
Story,F002-04 - Dashboard Framework Core,Build unified dashboard framework supporting multiple user types,26,P0,Sprint 5,Foundation/Frontend,F002-03,Dashboard framework generates role-specific interfaces,90%,,#E8F5E8
Task,F002-04-01 - Design dashboard architecture,Design dashboard system supporting widgets and customization,8,P0,Sprint 4,Foundation/Design,F002-03-01,Dashboard architecture supports extensible widget system,N/A,,#E8F5E8
Task,F002-04-02 - Build dashboard framework core,Create core dashboard framework with layout system,13,P0,Sprint 5,Foundation/Frontend,F002-04-01,Dashboard framework core operational with layouts,90%,,#E8F5E8
Task,F002-04-03 - Implement widget registration system,Build system for registering and managing dashboard widgets,5,P0,Sprint 5,Foundation/Frontend,F002-04-02,Widget registration system functional,85%,,#E8F5E8
Story,F002-05 - Dynamic Menu and Navigation,Build role-based menu generation system,18,P0,Sprint 5,Foundation/Frontend,F002-04,Menu system shows only permitted features for each role,90%,,#E8F5E8
Task,F002-05-01 - Design menu structure,Design hierarchical menu system with role-based visibility,5,P0,Sprint 4,Foundation/Design,F002-04-01,Menu structure supports complex permission hierarchy,N/A,,#E8F5E8
Task,F002-05-02 - Build dynamic menu generation,Create system to generate menus based on user roles and permissions,8,P0,Sprint 5,Foundation/Frontend,F002-05-01,Menu generation working for all user roles,85%,,#E8F5E8
Task,F002-05-03 - Implement navigation routing,Build routing system integrated with permission checking,5,P0,Sprint 5,Foundation/Frontend,F002-05-02,Navigation routing enforces role-based access,90%,,#E8F5E8
Story,F002-06 - User Management Frontend,Build user interface for user and organization management,21,P0,Sprint 5,Foundation/Frontend,F002-02,User management interface operational for all admin functions,85%,,#E8F5E8
Task,F002-06-01 - Build user management components,Create React components for user administration,8,P0,Sprint 5,Foundation/Frontend,F002-04-02,User management components working with validation,80%,,#E8F5E8
Task,F002-06-02 - Create organization management interface,Build interface for managing organizations and hierarchies,8,P0,Sprint 5,Foundation/Frontend,F002-06-01,Organization management interface functional,80%,,#E8F5E8
Task,F002-06-03 - Implement user onboarding flow,Create user invitation and onboarding interface,5,P0,Sprint 5,Foundation/Frontend,F002-06-02,User onboarding flow working end-to-end,80%,,#E8F5E8
Story,F002-07 - Dashboard Customization and Themes,Implement dashboard personalization features,16,P0,Sprint 6,Foundation/Frontend,F002-05,Dashboard customization working and persisting user preferences,85%,,#E8F5E8
Task,F002-07-01 - Build theme system,Create theming system supporting multiple dashboard themes,8,P0,Sprint 6,Foundation/Frontend,F002-04-02,Theme system working with role-based defaults,80%,,#E8F5E8
Task,F002-07-02 - Implement widget customization,Build system for users to customize widget layouts,5,P0,Sprint 6,Foundation/Frontend,F002-07-01,Widget customization working with drag-and-drop,80%,,#E8F5E8
Task,F002-07-03 - Create user preference management,Build system for saving and applying user preferences,3,P0,Sprint 6,Foundation/Frontend,F002-07-02,User preferences saved and applied correctly,85%,,#E8F5E8
Story,F002-08 - Testing and Quality Assurance,Comprehensive testing of RBAC and dashboard framework,24,P0,Sprint 7,Foundation/Testing,F002-07,RBAC and dashboard framework tested with high coverage,90%,,#E8F5E8
Task,F002-08-01 - Unit tests for RBAC system,Write unit tests for role-based access control functionality,8,P0,Sprint 7,Foundation/Testing,F002-03,RBAC system tested with 100% coverage,100%,,#E8F5E8
Task,F002-08-02 - Unit tests for dashboard framework,Write unit tests for dashboard framework core functionality,8,P0,Sprint 7,Foundation/Testing,F002-04,Dashboard framework tested with 100% coverage,100%,,#E8F5E8
Task,F002-08-03 - Integration tests for complete system,Test RBAC integration with dashboard framework,5,P0,Sprint 7,Foundation/Testing,F002-08-02,RBAC and dashboard integration tested thoroughly,85%,,#E8F5E8
Task,F002-08-04 - End-to-end role-based testing,Test complete user workflows for each role type,3,P0,Sprint 8,Foundation/Testing,F002-08-03,All role-based workflows tested end-to-end,85%,,#E8F5E8
Story,F002-09 - Performance Optimization and Security,Optimize dashboard performance and security hardening,13,P0,Sprint 8,Foundation/QA,F002-08,Dashboard system optimized and security hardened,90%,,#E8F5E8
Task,F002-09-01 - Dashboard performance optimization,Optimize dashboard loading and rendering performance,8,P0,Sprint 8,Foundation/QA,F002-08-02,Dashboard loads in under 2 seconds with smooth interactions,85%,,#E8F5E8
Task,F002-09-02 - RBAC security testing,Test for privilege escalation and security vulnerabilities,5,P0,Sprint 8,Foundation/Security,F002-08-01,No privilege escalation or security vulnerabilities found,95%,,#E8F5E8
Epic,F003 - Purview Integration Service,Microsoft Purview integration for PII discovery and data classification,355,P1,,Services,F002,Purview integration working with automated PII discovery and snapshot comparisons,85%,,#FFF3E0
Story,F003-01 - Purview Authentication and Connection Management,Setup OAuth 2.0 authentication and connection management for Purview,21,P1,Sprint 9,Services/Backend,F002-09,Purview connections established with proper authentication,90%,,#FFF3E0
Task,F003-01-01 - Setup Azure AD OAuth configuration,Configure Azure AD OAuth 2.0 for Purview authentication,8,P1,Sprint 9,Services/Backend,F002-09,Azure AD OAuth configured and working,90%,,#FFF3E0
Task,F003-01-02 - Build connection management system,Create system for managing multiple Purview connections per client,8,P1,Sprint 9,Services/Backend,F003-01-01,Connection management supporting multiple clients,90%,,#FFF3E0
Task,F003-01-03 - Implement connection health monitoring,Build monitoring system for Purview connection status,5,P1,Sprint 9,Services/Backend,F003-01-02,Connection health monitoring with alerts,85%,,#FFF3E0
Story,F003-02 - PII Discovery and Classification System,Implement comprehensive PII element detection covering all 19 categories,26,P1,Sprint 10,Services/Backend,F003-01,All 19 PII categories detected accurately with classification,90%,,#FFF3E0
Task,F003-02-01 - Implement core PII detection engine,Build detection system for government IDs SSN driver's license etc,8,P1,Sprint 10,Services/Backend,F003-01-02,Core PII elements detected with high accuracy,90%,,#FFF3E0
Task,F003-02-02 - Add financial and health data detection,Implement detection for bank accounts credit cards medical records,8,P1,Sprint 10,Services/Backend,F003-02-01,Financial and health PII detected accurately,90%,,#FFF3E0
Task,F003-02-03 - Build biometric and digital identifier detection,Add support for fingerprints IP addresses MAC addresses,5,P1,Sprint 10,Services/Backend,F003-02-02,Biometric and digital identifiers detected,85%,,#FFF3E0
Task,F003-02-04 - Implement location and demographic detection,Add GPS coordinates addresses age date of birth detection,5,P1,Sprint 10,Services/Backend,F003-02-03,Location and demographic data detected,85%,,#FFF3E0
Story,F003-03 - Snapshot Management System,Build comprehensive snapshot management with scheduling and comparison,21,P1,Sprint 11,Services/Backend,F003-02,Snapshot management with full delta and on-demand processing,85%,,#FFF3E0
Task,F003-03-01 - Build snapshot capture system,Create system to capture full Purview metadata snapshots,8,P1,Sprint 11,Services/Backend,F003-02-04,Full snapshots captured with complete metadata,85%,,#FFF3E0
Task,F003-03-02 - Implement delta comparison engine,Build system to compare snapshots and identify changes,8,P1,Sprint 11,Services/Backend,F003-03-01,Delta comparison identifying all data changes,90%,,#FFF3E0
Task,F003-03-03 - Create scheduling and automation system,Build automated scheduling for regular snapshot capture,5,P1,Sprint 11,Services/Backend,F003-03-02,Snapshot scheduling working with configurable intervals,85%,,#FFF3E0
Story,F003-04 - Data Lineage and Sensitivity Tracking,Implement data lineage tracking and sensitivity label management,18,P1,Sprint 11,Services/Backend,F003-03,Data lineage and sensitivity labels tracked accurately,85%,,#FFF3E0
Task,F003-04-01 - Build data lineage tracking system,Create system to track data movement and transformations,8,P1,Sprint 11,Services/Backend,F003-03-01,Data lineage tracked across all systems,85%,,#FFF3E0
Task,F003-04-02 - Implement sensitivity label mapping,Build system to track and map Microsoft sensitivity labels,5,P1,Sprint 11,Services/Backend,F003-04-01,Sensitivity labels mapped correctly,85%,,#FFF3E0
Task,F003-04-03 - Create custom classifier support,Add support for custom classifiers and data patterns,5,P1,Sprint 12,Services/Backend,F003-04-02,Custom classifiers supported and configurable,80%,,#FFF3E0
Story,F003-05 - API Development and Rate Management,Build comprehensive Purview service API with rate limiting,16,P1,Sprint 12,Services/Backend,F003-04,Purview API operational with proper rate limiting,85%,,#FFF3E0
Task,F003-05-01 - Build Purview service API endpoints,Create REST API for all Purview integration functionality,8,P1,Sprint 12,Services/Backend,F003-04-03,All Purview APIs responding with proper validation,85%,,#FFF3E0
Task,F003-05-02 - Implement rate limiting and quota management,Add rate limiting for Purview API calls (4 catalog 2 scan req/sec),5,P1,Sprint 12,Services/Backend,F003-05-01,Rate limiting implemented according to Purview limits,90%,,#FFF3E0
Task,F003-05-03 - Create API documentation and testing,Build comprehensive API documentation and automated testing,3,P1,Sprint 12,Services/Backend,F003-05-02,API documentation complete with automated tests,85%,,#FFF3E0
Epic,F004 - Incident Management Service,Comprehensive incident management system for breach handling,490,P1,,Services,F002,Complete incident lifecycle management with compliance assessment,85%,,#FFF8E1
Story,F004-01 - Incident Data Model and CRUD Operations,Build comprehensive incident management with status workflow,26,P1,Sprint 9,Services/Backend,F002-09,Incident CRUD operations with complete workflow management,90%,,#FFF8E1
Task,F004-01-01 - Design incident data model,Create comprehensive data model for incidents with all required fields,8,P1,Sprint 9,Services/Backend,F002-09,Incident data model supports complete lifecycle,90%,,#FFF8E1
Task,F004-01-02 - Build incident CRUD API endpoints,Create REST API endpoints for incident management operations,8,P1,Sprint 9,Services/Backend,F004-01-01,Incident CRUD operations working with validation,90%,,#FFF8E1
Task,F004-01-03 - Implement status workflow management,Build workflow system for incident status transitions,5,P1,Sprint 9,Services/Backend,F004-01-02,Status workflow enforcing proper incident progression,90%,,#FFF8E1
Task,F004-01-04 - Create incident assignment system,Build system for assigning incidents to team members,5,P1,Sprint 9,Services/Backend,F004-01-03,Incident assignment working with notifications,85%,,#FFF8E1
Story,F004-02 - Evidence Management System,Build comprehensive evidence management with chain of custody,21,P1,Sprint 10,Services/Backend,F004-01,Evidence management with SHA-256 hashing and chain of custody,90%,,#FFF8E1
Task,F004-02-01 - Build evidence upload system,Create secure evidence upload with file validation,8,P1,Sprint 10,Services/Backend,F004-01-02,Evidence upload working with security validation,90%,,#FFF8E1
Task,F004-02-02 - Implement SHA-256 hashing and integrity,Add cryptographic hashing for evidence integrity,5,P1,Sprint 10,Services/Backend,F004-02-01,Evidence integrity verified with SHA-256 hashing,95%,,#FFF8E1
Task,F004-02-03 - Create chain of custody tracking,Build system to track evidence handling and access,8,P1,Sprint 10,Services/Backend,F004-02-02,Chain of custody maintained with audit trail,95%,,#FFF8E1
Story,F004-03 - Timeline and Event Management,Implement comprehensive timeline tracking and event logging,18,P1,Sprint 10,Services/Backend,F004-02,Timeline tracking with automated event logging,90%,,#FFF8E1
Task,F004-03-01 - Build timeline data model,Create data model for incident timelines and events,5,P1,Sprint 10,Services/Backend,F004-01-01,Timeline data model supports complex event tracking,90%,,#FFF8E1
Task,F004-03-02 - Implement automatic event logging,Build system for automatic timeline event creation,8,P1,Sprint 10,Services/Backend,F004-03-01,Timeline events created automatically for all actions,90%,,#FFF8E1
Task,F004-03-03 - Create timeline visualization API,Build API endpoints for timeline data visualization,5,P1,Sprint 10,Services/Backend,F004-03-02,Timeline API provides data for visualization components,85%,,#FFF8E1
Story,F004-04 - Impact Assessment and Affected Individual Tracking,Build automated impact assessment with affected individual categorization,21,P1,Sprint 11,Services/Backend,F004-03,Impact assessment with accurate affected individual counting by jurisdiction,90%,,#FFF8E1
Task,F004-04-01 - Build impact assessment engine,Create system to automatically assess incident impact,8,P1,Sprint 11,Services/Backend,F004-03-03,Impact assessment working with data correlation,90%,,#FFF8E1
Task,F004-04-02 - Implement affected individual counting,Build system to count and categorize affected individuals,8,P1,Sprint 11,Services/Backend,F004-04-01,Affected individual counting accurate by jurisdiction,90%,,#FFF8E1
Task,F004-04-03 - Create jurisdiction determination logic,Build system to determine applicable jurisdictions for incidents,5,P1,Sprint 11,Services/Backend,F004-04-02,Jurisdiction determination working accurately,85%,,#FFF8E1
Story,F004-05 - Purview Integration and Data Context,Integrate incident management with Purview data discovery,16,P1,Sprint 11,Services/Backend,F003-05 F004-04,Incident management integrated with Purview data context,85%,,#FFF8E1
Task,F004-05-01 - Build Purview data correlation,Create system to correlate incidents with Purview data discoveries,8,P1,Sprint 11,Services/Backend,F003-05-01 F004-04-01,Incidents correlated with relevant Purview data,85%,,#FFF8E1
Task,F004-05-02 - Implement PII element mapping,Map incident data types to detected PII elements from Purview,5,P1,Sprint 12,Services/Backend,F004-05-01,PII elements accurately mapped to incident scope,90%,,#FFF8E1
Task,F004-05-03 - Create automated data context enrichment,Build system to automatically enrich incidents with data context,3,P1,Sprint 12,Services/Backend,F004-05-02,Incidents automatically enriched with data context,85%,,#FFF8E1
Story,F004-06 - Collaboration and Communication Features,Build collaboration tools for incident response teams,13,P1,Sprint 12,Services/Backend,F004-05,Collaboration features supporting team communication,85%,,#FFF8E1
Task,F004-06-01 - Build commenting and discussion system,Create system for team comments and discussions on incidents,5,P1,Sprint 12,Services/Backend,F004-05-03,Commenting system supporting threaded discussions,85%,,#FFF8E1
Task,F004-06-02 - Implement notification system,Build notification system for incident updates and assignments,5,P1,Sprint 12,Services/Backend,F004-06-01,Notifications sent for all relevant incident events,80%,,#FFF8E1
Task,F004-06-03 - Create activity feed,Build activity feed showing all incident-related activities,3,P1,Sprint 12,Services/Backend,F004-06-02,Activity feed showing chronological incident activities,80%,,#FFF8E1
Epic,F005 - AI-Enhanced Compliance Engine Service,AI-powered regulatory compliance assessment and notification requirement engine with ML capabilities,570,P1,,Services,F002,AI-enhanced automated compliance assessment for all 50 states and regulations with >90% accuracy,85%,,#F3E5F5
Story,F005-01 - AI/ML Infrastructure Setup,Setup Python AI/ML microservice with LangChain and LangGraph,21,P1,Sprint 9,Services/AI,F002-09,Python microservice with AI frameworks operational,90%,,#F3E5F5
Task,F005-01-01 - Setup Python FastAPI microservice,Initialize Python FastAPI framework for AI compliance service,8,P1,Sprint 9,Services/AI,F002-09,FastAPI microservice framework operational,85%,,#F3E5F5
Task,F005-01-02 - Install and configure LangChain framework,Setup LangChain framework for LLM integration,5,P1,Sprint 9,Services/AI,F005-01-01,LangChain framework configured and ready,90%,,#F3E5F5
Task,F005-01-03 - Setup LangGraph workflow orchestration,Install and configure LangGraph for complex AI workflows,5,P1,Sprint 9,Services/AI,F005-01-02,LangGraph ready for workflow orchestration,90%,,#F3E5F5
Task,F005-01-04 - Configure vector database for regulations,Setup vector database for storing and retrieving regulatory data,3,P1,Sprint 9,Services/AI,F005-01-03,Vector database operational for regulation storage,90%,,#F3E5F5
Story,F005-02 - LLM Regulatory Interpretation System,Build LLM system for interpreting regulatory text and requirements,26,P1,Sprint 10,Services/AI,F005-01,LLM accurately interprets regulation text with confidence scoring,95%,,#F3E5F5
Task,F005-02-01 - Implement LLM integration for text analysis,Build LLM integration for analyzing regulatory documents,8,P1,Sprint 10,Services/AI,F005-01-02,LLM analyzes regulatory text with high accuracy,95%,,#F3E5F5
Task,F005-02-02 - Build regulatory requirement extraction,Create system to extract specific compliance requirements from regulations,8,P1,Sprint 10,Services/AI,F005-02-01,System extracts requirements with >90% accuracy,95%,,#F3E5F5
Task,F005-02-03 - Implement confidence scoring system,Build confidence scoring for AI assessments and predictions,5,P1,Sprint 10,Services/AI,F005-02-02,Confidence scores reflect AI assessment reliability,90%,,#F3E5F5
Task,F005-02-04 - Create regulatory change detection,Build system to detect and analyze regulatory changes,5,P1,Sprint 10,Services/AI,F005-02-03,System detects regulatory changes automatically,90%,,#F3E5F5
Story,F005-03 - RAG Knowledge Base System,Create Retrieval Augmented Generation system for regulation context,21,P1,Sprint 10,Services/AI,F005-02,RAG system provides accurate regulation context for queries,95%,,#F3E5F5
Task,F005-03-01 - Build regulation knowledge base,Create comprehensive knowledge base of all 50 state regulations,8,P1,Sprint 10,Services/AI,F005-01-04,Knowledge base contains all state and federal regulations,95%,,#F3E5F5
Task,F005-03-02 - Implement semantic search system,Build semantic search for finding relevant regulations,8,P1,Sprint 11,Services/AI,F005-03-01,Semantic search finds relevant regulations with precision,90%,,#F3E5F5
Task,F005-03-03 - Create context retrieval system,Build RAG context retrieval for regulation queries,5,P1,Sprint 11,Services/AI,F005-03-02,Context retrieval provides accurate regulation context,90%,,#F3E5F5
Story,F005-04 - ML Compliance Prediction Models,Build machine learning models for compliance predictions,26,P1,Sprint 11,Services/AI,F005-03,ML models achieve >90% accuracy on compliance predictions,95%,,#F3E5F5
Task,F005-04-01 - Build jurisdiction prediction model,Create ML model to predict applicable jurisdictions,8,P1,Sprint 11,Services/AI,F005-03-03,Model correctly predicts applicable jurisdictions,95%,,#F3E5F5
Task,F005-04-02 - Implement threshold prediction system,Build ML system to predict notification thresholds,8,P1,Sprint 11,Services/AI,F005-04-01,System predicts thresholds with >90% accuracy,95%,,#F3E5F5
Task,F005-04-03 - Create timeline optimization model,Build ML model to optimize compliance timelines,5,P1,Sprint 11,Services/AI,F005-04-02,Timeline optimization ensures compliance while minimizing delays,90%,,#F3E5F5
Task,F005-04-04 - Implement exemption evaluation AI,Build AI system to evaluate regulatory exemptions,5,P1,Sprint 12,Services/AI,F005-04-03,AI correctly evaluates exemptions and safe harbors,90%,,#F3E5F5
Story,F005-05 - Natural Language Query System,Build natural language interface for compliance queries,18,P1,Sprint 12,Services/AI,F005-04,Users can query compliance requirements using natural language,85%,,#F3E5F5
Task,F005-05-01 - Implement natural language processing,Build NLP system for parsing user compliance questions,8,P1,Sprint 12,Services/AI,F005-04-04,NLP accurately parses compliance questions,85%,,#F3E5F5
Task,F005-05-02 - Create query-to-regulation mapping,Build system to map user queries to relevant regulations,5,P1,Sprint 12,Services/AI,F005-05-01,Query mapping finds relevant regulations accurately,85%,,#F3E5F5
Task,F005-05-03 - Build response generation system,Create system to generate clear answers to compliance queries,5,P1,Sprint 12,Services/AI,F005-05-02,System generates clear comprehensive answers,80%,,#F3E5F5
Story,F005-06 - AI Learning and Improvement System,Build system for AI to learn from feedback and improve accuracy,16,P1,Sprint 12,Services/AI,F005-05,System learns from feedback and shows measurable improvement,90%,,#F3E5F5
Task,F005-06-01 - Implement feedback collection system,Build system to collect user feedback on AI assessments,5,P1,Sprint 12,Services/AI,F005-05-03,Feedback collection system captures user corrections,85%,,#F3E5F5
Task,F005-06-02 - Create model retraining pipeline,Build automated pipeline for retraining AI models,8,P1,Sprint 13,Services/AI,F005-06-01,Retraining pipeline improves model accuracy over time,90%,,#F3E5F5
Task,F005-06-03 - Build performance monitoring dashboard,Create dashboard for monitoring AI model performance,3,P1,Sprint 13,Services/AI,F005-06-02,Dashboard shows comprehensive AI performance metrics,85%,,#F3E5F5
Story,F005-07 - Compliance API and Integration,Build comprehensive compliance service API,21,P1,Sprint 13,Services/AI,F005-06,Compliance API operational with AI-powered assessments,90%,,#F3E5F5
Task,F005-07-01 - Build compliance assessment API endpoints,Create REST API for AI-powered compliance assessments,8,P1,Sprint 13,Services/AI,F005-06-03,API endpoints serve accurate compliance assessments,90%,,#F3E5F5
Task,F005-07-02 - Implement batch processing capabilities,Build system for processing multiple compliance assessments,8,P1,Sprint 13,Services/AI,F005-07-01,Batch processing handles multiple assessments efficiently,85%,,#F3E5F5
Task,F005-07-03 - Create API documentation and testing,Build comprehensive API documentation with automated testing,5,P1,Sprint 13,Services/AI,F005-07-02,API documentation complete with comprehensive testing,85%,,#F3E5F5
Epic,F006 - Notification Service,Multi-channel notification delivery system with templates,300,P2,,Services,F004 F005,Multi-channel notification system with approval workflows,85%,,#E1F5FE
Story,F006-01 - Notification Template Management,Build comprehensive notification template system with versioning,21,P2,Sprint 11,Services/Backend,F005-07,Notification template management with versioning operational,85%,,#E1F5FE
Task,F006-01-01 - Build template data model,Create data model for notification templates with versioning,5,P2,Sprint 11,Services/Backend,F005-07,Template data model supports versioning and metadata,85%,,#E1F5FE
Task,F006-01-02 - Implement template CRUD operations,Build API endpoints for template management operations,8,P2,Sprint 11,Services/Backend,F006-01-01,Template CRUD operations working with validation,85%,,#E1F5FE
Task,F006-01-03 - Create template versioning system,Build system for managing template versions and approvals,5,P2,Sprint 11,Services/Backend,F006-01-02,Template versioning system tracks changes properly,85%,,#E1F5FE
Task,F006-01-04 - Build template validation system,Create validation system for template content and variables,3,P2,Sprint 11,Services/Backend,F006-01-03,Template validation ensures proper format and content,90%,,#E1F5FE
Story,F006-02 - Multi-Channel Notification Types,Implement support for all notification types and channels,26,P2,Sprint 12,Services/Backend,F006-01,All notification types supported with proper templates,85%,,#E1F5FE
Task,F006-02-01 - Build authority notification templates,Create templates for federal and state authority notifications,8,P2,Sprint 12,Services/Backend,F006-01-04,Authority notification templates meet regulatory requirements,90%,,#E1F5FE
Task,F006-02-02 - Create individual notification templates,Build templates for individual notifications via multiple channels,8,P2,Sprint 12,Services/Backend,F006-02-01,Individual notification templates support all delivery methods,85%,,#E1F5FE
Task,F006-02-03 - Implement media notification system,Build templates and system for media notifications,5,P2,Sprint 12,Services/Backend,F006-02-02,Media notification system supports major outlets,80%,,#E1F5FE
Task,F006-02-04 - Create credit bureau notification templates,Build templates for credit bureau notifications,5,P2,Sprint 12,Services/Backend,F006-02-03,Credit bureau templates meet industry requirements,85%,,#E1F5FE
Story,F006-03 - Variable Replacement and Content Generation,Build dynamic content generation with variable replacement,18,P2,Sprint 12,Services/Backend,F006-02,Variable replacement working with validation and preview,90%,,#E1F5FE
Task,F006-03-01 - Build variable replacement engine,Create system for dynamic variable replacement in templates,8,P2,Sprint 12,Services/Backend,F006-02-04,Variable replacement working with proper validation,90%,,#E1F5FE
Task,F006-03-02 - Implement content validation system,Build validation for generated notification content,5,P2,Sprint 12,Services/Backend,F006-03-01,Content validation ensures compliance requirements,90%,,#E1F5FE
Task,F006-03-03 - Create preview and testing system,Build system for previewing generated notifications,5,P2,Sprint 13,Services/Backend,F006-03-02,Preview system shows accurate notification content,85%,,#E1F5FE
Story,F006-04 - Notification Workflow and Approval,Build approval workflow for notification content,16,P2,Sprint 13,Services/Backend,F006-03,Notification approval workflow operational with proper controls,85%,,#E1F5FE
Task,F006-04-01 - Build draft generation system,Create system for generating notification drafts,5,P2,Sprint 13,Services/Backend,F006-03-03,Draft generation creates accurate notification content,85%,,#E1F5FE
Task,F006-04-02 - Implement approval workflow,Build multi-step approval workflow for notifications,8,P2,Sprint 13,Services/Backend,F006-04-01,Approval workflow enforces proper review process,85%,,#E1F5FE
Task,F006-04-03 - Create notification tracking system,Build system to track notification status and delivery,3,P2,Sprint 13,Services/Backend,F006-04-02,Notification tracking provides complete audit trail,85%,,#E1F5FE
Story,F006-05 - Integration with Compliance Engine,Integrate notification service with AI compliance assessments,13,P2,Sprint 13,Services/Backend,F005-07 F006-04,Notification service integrated with compliance assessments,90%,,#E1F5FE
Task,F006-05-01 - Build compliance integration API,Create API integration with AI compliance engine,5,P2,Sprint 13,Services/Backend,F005-07-03 F006-04-03,Notification service receives compliance data automatically,90%,,#E1F5FE
Task,F006-05-02 - Implement automated template selection,Build system to automatically select appropriate templates,5,P2,Sprint 13,Services/Backend,F006-05-01,Template selection based on compliance assessment results,85%,,#E1F5FE
Task,F006-05-03 - Create compliance validation integration,Build validation that ensures notifications meet compliance requirements,3,P2,Sprint 13,Services/Backend,F006-05-02,Compliance validation integrated with notification generation,90%,,#E1F5FE
Epic,F007 - Scan Agent Service,Python microservice for automated regulatory data scraping and parsing,280,P1,,Services,F005-01,Automated regulatory scanning with >99% data accuracy,85%,,#FCE4EC
Story,F007-01 - Web Scraping Infrastructure,Setup robust web scraping infrastructure for regulatory sites,21,P1,Sprint 7,Services/Backend,F005-01-01,Web scraping infrastructure handles static and dynamic content,90%,,#FCE4EC
Task,F007-01-01 - Setup Python FastAPI microservice,Initialize Python FastAPI framework for scraping service,8,P1,Sprint 7,Services/Backend,F005-01-01,FastAPI microservice framework operational,85%,,#FCE4EC
Task,F007-01-02 - Install scraping dependencies,Install BeautifulSoup Playwright and related scraping libraries,5,P1,Sprint 7,Services/Backend,F007-01-01,All scraping dependencies installed and configured,85%,,#FCE4EC
Task,F007-01-03 - Build web scraping engine,Create robust web scraping engine for regulatory websites,8,P1,Sprint 8,Services/Backend,F007-01-02,Scraping engine handles both static and dynamic content,90%,,#FCE4EC
Story,F007-02 - Document Processing System,Build comprehensive document processing for regulatory content,26,P1,Sprint 8,Services/Backend,F007-01,Document processing extracts regulatory content with high accuracy,95%,,#FCE4EC
Task,F007-02-01 - Implement PDF parsing system,Build PDF parsing using PyPDF2 and pdfplumber,13,P1,Sprint 8,Services/Backend,F007-01-03,PDF parsing extracts text with >95% accuracy,90%,,#FCE4EC
Task,F007-02-02 - Create HTML content extraction,Build system for extracting content from HTML regulatory pages,8,P1,Sprint 8,Services/Backend,F007-02-01,HTML extraction identifies and captures regulatory content,90%,,#FCE4EC
Task,F007-02-03 - Build document classification system,Create system to classify and categorize scraped documents,5,P1,Sprint 8,Services/Backend,F007-02-02,Document classification accurately categorizes content,85%,,#FCE4EC
Story,F007-03 - LangChain Document Processing,Implement LangChain pipeline for intelligent document processing,21,P1,Sprint 9,Services/Backend,F005-01-02 F007-02,LangChain processes documents and extracts regulations intelligently,95%,,#FCE4EC
Task,F007-03-01 - Build LangChain document processing,Create LangChain pipeline for processing regulatory documents,13,P1,Sprint 9,Services/Backend,F005-01-02 F007-02-03,LangChain processes documents and identifies regulations,90%,,#FCE4EC
Task,F007-03-02 - Implement regulation extraction logic,Build intelligent system for extracting specific regulations,8,P1,Sprint 9,Services/Backend,F007-03-01,Regulation extraction identifies compliance requirements,90%,,#FCE4EC
Story,F007-04 - Workflow Orchestration and Scheduling,Build LangGraph workflow orchestration for complex scraping workflows,18,P1,Sprint 9,Services/Backend,F005-01-03 F007-03,LangGraph orchestrates scraping workflows efficiently,90%,,#FCE4EC
Task,F007-04-01 - Implement LangGraph workflow orchestration,Build LangGraph workflows for complex scraping operations,10,P1,Sprint 9,Services/Backend,F005-01-03 F007-03-02,LangGraph orchestrates complex scraping workflows,90%,,#FCE4EC
Task,F007-04-02 - Create scheduling and automation system,Build automated scheduling for regular regulatory scanning,5,P1,Sprint 9,Services/Backend,F007-04-01,Scheduling system runs scraping jobs automatically,85%,,#FCE4EC
Task,F007-04-03 - Build error handling and retry logic,Implement robust error handling and retry mechanisms,3,P1,Sprint 9,Services/Backend,F007-04-02,Error handling ensures reliable scraping operations,90%,,#FCE4EC
Story,F007-05 - Data Storage and API Development,Build data storage and API for scraped regulatory data,16,P1,Sprint 10,Services/Backend,F007-04,Regulatory data stored and accessible via API,85%,,#FCE4EC
Task,F007-05-01 - Build regulatory data storage system,Create database schema for storing scraped regulatory data,5,P1,Sprint 10,Services/Backend,F007-04-03,Regulatory data stored with proper versioning,85%,,#FCE4EC
Task,F007-05-02 - Create scan results API endpoints,Build API endpoints for accessing scraping results,8,P1,Sprint 10,Services/Backend,F007-05-01,API provides access to all scraped regulatory data,85%,,#FCE4EC
Task,F007-05-03 - Implement change detection and alerts,Build system to detect regulatory changes and send alerts,3,P1,Sprint 10,Services/Backend,F007-05-02,Change detection identifies regulatory updates automatically,90%,,#FCE4EC
Epic,F008 - Intel Agent Service,AI-powered threat intelligence scanner with RAG and LLM integration,340,P1,,Services,F005-01,Threat intelligence monitoring with >85% relevance and <1 hour detection,85%,,#E8EAF6
Story,F008-01 - AI-Powered Threat Intelligence Infrastructure,Setup AI frameworks for threat intelligence processing,21,P1,Sprint 8,Services/Backend,F005-01-01,AI-enabled threat intelligence microservice operational,90%,,#E8EAF6
Task,F008-01-01 - Setup Python FastAPI with AI frameworks,Initialize FastAPI microservice with LLM and RAG frameworks,10,P1,Sprint 8,Services/Backend,F005-01-01,AI-enabled FastAPI microservice framework ready,85%,,#E8EAF6
Task,F008-01-02 - Configure threat intelligence databases,Setup databases for storing threat intelligence feeds,5,P1,Sprint 8,Services/Backend,F008-01-01,Threat intelligence databases configured and operational,85%,,#E8EAF6
Task,F008-01-03 - Build threat feed ingestion framework,Create framework for ingesting multiple threat intelligence sources,6,P1,Sprint 8,Services/Backend,F008-01-02,Feed ingestion framework handles 20+ sources reliably,90%,,#E8EAF6
Story,F008-02 - LLM Threat Analysis System,Build LLM integration for analyzing threat intelligence,26,P1,Sprint 9,Services/Backend,F005-01-02 F008-01,LLM accurately analyzes and categorizes threat intelligence,95%,,#E8EAF6
Task,F008-02-01 - Implement LLM integration for threat analysis,Build LLM system for analyzing threat intelligence feeds,15,P1,Sprint 9,Services/Backend,F005-01-02 F008-01-03,LLM analyzes threat intelligence with high accuracy,90%,,#E8EAF6
Task,F008-02-02 - Build threat categorization system,Create AI system for categorizing different types of threats,8,P1,Sprint 9,Services/Backend,F008-02-01,Threat categorization achieves >85% accuracy,90%,,#E8EAF6
Task,F008-02-03 - Implement threat scoring and prioritization,Build scoring system for prioritizing threats by relevance,3,P1,Sprint 9,Services/Backend,F008-02-02,Threat scoring prioritizes most relevant threats,85%,,#E8EAF6
Story,F008-03 - RAG Knowledge Base for Threat Context,Create RAG system with vector database for threat intelligence,21,P1,Sprint 9,Services/Backend,F005-01-04 F008-02,RAG system provides contextual threat analysis,95%,,#E8EAF6
Task,F008-03-01 - Build RAG system with vector database,Create RAG system for threat intelligence context retrieval,15,P1,Sprint 9,Services/Backend,F005-01-04 F008-02-03,RAG system provides accurate contextual threat analysis,90%,,#E8EAF6
Task,F008-03-02 - Implement threat context correlation,Build system to correlate threats with historical context,6,P1,Sprint 10,Services/Backend,F008-03-01,Context correlation provides relevant threat background,90%,,#E8EAF6
Story,F008-04 - Threat Feed Management and Processing,Build comprehensive threat feed ingestion and processing,18,P1,Sprint 10,Services/Backend,F008-03,Threat feed processing handles multiple sources efficiently,90%,,#E8EAF6
Task,F008-04-01 - Create multi-source feed ingestion,Build system to ingest from 20+ threat intelligence sources,13,P1,Sprint 10,Services/Backend,F008-03-02,Multi-source ingestion handles diverse feed formats,90%,,#E8EAF6
Task,F008-04-02 - Implement feed normalization and parsing,Build system to normalize data from different feed formats,5,P1,Sprint 10,Services/Backend,F008-04-01,Feed normalization creates consistent data format,85%,,#E8EAF6
Story,F008-05 - Threat Classification and Scoring,Build ML-powered threat classification engine,16,P1,Sprint 10,Services/Backend,F008-04,Threat classification achieves >85% accuracy with scoring,90%,,#E8EAF6
Task,F008-05-01 - Implement ML threat classification,Build machine learning system for threat classification,10,P1,Sprint 10,Services/Backend,F008-04-02,ML classification achieves >85% accuracy,90%,,#E8EAF6
Task,F008-05-02 - Create relevance scoring system,Build system to score threats by relevance to organization,6,P1,Sprint 11,Services/Backend,F008-05-01,Relevance scoring identifies most important threats,85%,,#E8EAF6
Story,F008-06 - Intelligence API and Integration,Build comprehensive threat intelligence API,13,P1,Sprint 11,Services/Backend,F008-05,Threat intelligence API provides real-time threat data,85%,,#E8EAF6
Task,F008-06-01 - Build threat intelligence API endpoints,Create REST API for accessing threat intelligence data,8,P1,Sprint 11,Services/Backend,F008-05-02,API endpoints provide comprehensive threat intelligence access,85%,,#E8EAF6
Task,F008-06-02 - Implement real-time threat alerts,Build system for real-time threat notifications,5,P1,Sprint 11,Services/Backend,F008-06-01,Real-time alerts notify of critical threats within 1 hour,90%,,#E8EAF6
Epic,F009 - Dry Run Simulation Service,Interactive breach simulation platform with AI-powered playbook generation,360,P1,,Services,F005-02,Breach simulation with AI-generated response playbooks,85%,,#F1F8E9
Story,F009-01 - Simulation Engine Infrastructure,Setup simulation engine microservice for breach scenarios,21,P1,Sprint 9,Services/Backend,F005-01-01,Simulation microservice framework operational,90%,,#F1F8E9
Task,F009-01-01 - Setup simulation engine microservice,Initialize microservice framework for breach simulation processing,8,P1,Sprint 9,Services/Backend,F005-01-01,Simulation microservice framework operational,85%,,#F1F8E9
Task,F009-01-02 - Build scenario data model,Create comprehensive data model for breach simulation scenarios,8,P1,Sprint 9,Services/Backend,F009-01-01,Scenario data model supports complex breach scenarios,90%,,#F1F8E9
Task,F009-01-03 - Implement simulation state management,Build system for managing simulation state and progress,5,P1,Sprint 9,Services/Backend,F009-01-02,Simulation state management tracks scenario progress,85%,,#F1F8E9
Story,F009-02 - Scenario Definition and Management,Build system for defining and storing breach scenarios,21,P1,Sprint 10,Services/Backend,F009-01,Scenario definition system supports complex breach scenarios,95%,,#F1F8E9
Task,F009-02-01 - Build scenario definition system,Create system for defining breach simulation scenarios,13,P1,Sprint 10,Services/Backend,F009-01-03,Scenario definition supports various breach types,90%,,#F1F8E9
Task,F009-02-02 - Create scenario library management,Build system for managing library of predefined scenarios,5,P1,Sprint 10,Services/Backend,F009-02-01,Scenario library contains comprehensive breach scenarios,85%,,#F1F8E9
Task,F009-02-03 - Implement custom scenario builder,Build interface for creating custom breach scenarios,3,P1,Sprint 10,Services/Backend,F009-02-02,Custom scenario builder supports flexible scenario creation,80%,,#F1F8E9
Story,F009-03 - Simulation Execution Engine,Build simulation execution engine for processing scenarios,26,P1,Sprint 10,Services/Backend,F009-02,Simulation engine processes scenarios efficiently in <8 minutes,95%,,#F1F8E9
Task,F009-03-01 - Create simulation execution engine,Build engine for processing and running breach scenarios,15,P1,Sprint 10,Services/Backend,F009-02-03,Simulation engine processes scenarios in under 8 minutes,95%,,#F1F8E9
Task,F009-03-02 - Implement decision point management,Build system for handling simulation decision points,8,P1,Sprint 11,Services/Backend,F009-03-01,Decision points guide users through realistic scenarios,90%,,#F1F8E9
Task,F009-03-03 - Create simulation result tracking,Build system for tracking simulation outcomes and metrics,3,P1,Sprint 11,Services/Backend,F009-03-02,Result tracking captures simulation performance data,85%,,#F1F8E9
Story,F009-04 - AI Playbook Generation,Build AI system for generating response playbooks from simulations,26,P1,Sprint 11,Services/Backend,F005-02-04 F009-03,AI generates accurate playbooks with >97% completeness,95%,,#F1F8E9
Task,F009-04-01 - Implement AI playbook generation,Build AI system to generate response playbooks from scenarios,15,P1,Sprint 11,Services/Backend,F005-02-04 F009-03-03,AI generates comprehensive response playbooks,90%,,#F1F8E9
Task,F009-04-02 - Create playbook customization system,Build system for customizing generated playbooks,8,P1,Sprint 11,Services/Backend,F009-04-01,Playbook customization adapts to organization needs,85%,,#F1F8E9
Task,F009-04-03 - Implement playbook validation and testing,Build validation system for generated playbooks,3,P1,Sprint 11,Services/Backend,F009-04-02,Playbook validation ensures >97% completeness,95%,,#F1F8E9
Story,F009-05 - Training Analytics and Improvement,Build analytics system for simulation performance and learning,18,P1,Sprint 12,Services/Backend,F009-04,Analytics provide comprehensive training metrics and insights,90%,,#F1F8E9
Task,F009-05-01 - Build training analytics system,Create analytics for tracking simulation performance,10,P1,Sprint 12,Services/Backend,F009-04-03,Analytics provide comprehensive training performance metrics,85%,,#F1F8E9
Task,F009-05-02 - Implement learning progression tracking,Build system to track user learning and improvement,5,P1,Sprint 12,Services/Backend,F009-05-01,Learning tracking shows measurable skill improvement,85%,,#F1F8E9
Task,F009-05-03 - Create performance benchmarking,Build benchmarking system for comparing simulation results,3,P1,Sprint 12,Services/Backend,F009-05-02,Benchmarking enables performance comparison and improvement,80%,,#F1F8E9
Epic,F010 - Infrastructure Setup & DevOps,Development environment setup and CI/CD pipelines,180,P0,,Infrastructure,F001-01,Complete infrastructure ready with monitoring and deployment automation,95%,,#9C27B0
Story,F010-01 - Google Cloud Platform Setup,Initialize GCP infrastructure for the platform,21,P0,Sprint 1,Infrastructure/Cloud,,GCP infrastructure configured with proper security and monitoring,95%,,#9C27B0
Task,F010-01-01 - Setup Google Cloud Project,Initialize GCP project with proper IAM and billing configuration,8,P0,Sprint 1,Infrastructure/Cloud,,GCP project configured with proper permissions and billing,95%,,#9C27B0
Task,F010-01-02 - Configure Firebase hosting and functions,Setup Firebase for hosting Next.js app and cloud functions,8,P0,Sprint 1,Infrastructure/Cloud,F010-01-01,Firebase configured for hosting and serverless functions,95%,,#9C27B0
Task,F010-01-03 - Setup Cloud Run for microservices,Configure Cloud Run for hosting Python and Node.js services,5,P0,Sprint 1,Infrastructure/Cloud,F010-01-02,Cloud Run services configured for automatic scaling,95%,,#9C27B0
Story,F010-02 - CI/CD Pipeline Development,Build automated deployment pipelines for all services,21,P0,Sprint 2,Infrastructure/CICD,F010-01,CI/CD pipelines automate testing and deployment with rollback,95%,,#9C27B0
Task,F010-02-01 - Setup GitHub Actions workflows,Configure GitHub Actions for automated CI/CD pipelines,8,P0,Sprint 2,Infrastructure/CICD,F010-01-03,GitHub Actions automate testing and deployment,90%,,#9C27B0
Task,F010-02-02 - Configure deployment automation,Setup automated deployment with rollback capabilities,8,P0,Sprint 2,Infrastructure/CICD,F010-02-01,Automated deployments work reliably with rollback,90%,,#9C27B0
Task,F010-02-03 - Build environment management,Create staging and production environment management,5,P0,Sprint 2,Infrastructure/CICD,F010-02-02,Environment management handles staging and production properly,95%,,#9C27B0
Story,F010-03 - Monitoring and Logging Infrastructure,Setup comprehensive monitoring and logging for all services,16,P0,Sprint 2,Infrastructure/Monitoring,F010-02,Monitoring and logging infrastructure operational with alerts,90%,,#9C27B0
Task,F010-03-01 - Setup Google Cloud Monitoring,Configure Cloud Monitoring for infrastructure and application metrics,5,P0,Sprint 2,Infrastructure/Monitoring,F010-02-03,Cloud Monitoring tracks all system metrics with alerts,90%,,#9C27B0
Task,F010-03-02 - Configure centralized logging,Setup centralized logging with Cloud Logging and log analysis,5,P0,Sprint 2,Infrastructure/Monitoring,F010-03-01,Centralized logging captures all application and system logs,85%,,#9C27B0
Task,F010-03-03 - Build alerting and notification system,Create alerting system for infrastructure and application issues,3,P0,Sprint 2,Infrastructure/Monitoring,F010-03-02,Alerting system notifies team of critical issues promptly,90%,,#9C27B0
Task,F010-03-04 - Setup performance monitoring dashboard,Create dashboards for monitoring system performance,3,P0,Sprint 2,Infrastructure/Monitoring,F010-03-03,Performance dashboards provide comprehensive system visibility,85%,,#9C27B0
Story,F010-04 - Security and Backup Infrastructure,Implement security controls and backup systems,13,P0,Sprint 3,Infrastructure/Security,F010-03,Security controls and backup systems operational,95%,,#9C27B0
Task,F010-04-01 - Configure network security and firewall rules,Setup VPC firewall rules and network security controls,5,P0,Sprint 3,Infrastructure/Security,F010-03-04,Network security prevents unauthorized access,95%,,#9C27B0
Task,F010-04-02 - Setup automated backup systems,Configure automated backups for all critical data,5,P0,Sprint 3,Infrastructure/Security,F010-04-01,Automated backups ensure data protection and recovery,95%,,#9C27B0
Task,F010-04-03 - Implement secrets management,Setup secure secrets management for all services,3,P0,Sprint 3,Infrastructure/Security,F010-04-02,Secrets management securely stores and distributes secrets,95%,,#9C27B0
Epic,P001 - Law Firm Admin Portal Module,Administrative portal module for law firm administrators,310,P1,,Personas,F002-09 F003-05 F004-06 F005-07 F006-05,Law firm admin module integrated with dashboard framework,80%,,#FFEBEE
Story,P001-01 - Multi-Client Management Dashboard,Build comprehensive dashboard for managing multiple clients,26,P1,Sprint 14,Personas/Frontend,F002-09 F003-05,Multi-client overview dashboard with real-time compliance status,85%,,#FFEBEE
Task,P001-01-01 - Build multi-client overview widget,Create dashboard widget showing all clients with status,8,P1,Sprint 14,Personas/Frontend,F002-09,Multi-client widget displays real-time client status,80%,,#FFEBEE
Task,P001-01-02 - Implement client filtering and search,Build filtering and search capabilities for client management,5,P1,Sprint 14,Personas/Frontend,P001-01-01,Client filtering and search working efficiently,80%,,#FFEBEE
Task,P001-01-03 - Create client compliance scorecard widget,Build widget showing compliance scores across client portfolio,8,P1,Sprint 14,Personas/Frontend,F005-07 P001-01-02,Compliance scorecard widget shows accurate portfolio metrics,85%,,#FFEBEE
Task,P001-01-04 - Build client activity timeline,Create timeline widget showing recent activity across all clients,5,P1,Sprint 14,Personas/Frontend,P001-01-03,Activity timeline shows chronological client activities,80%,,#FFEBEE
Story,P001-02 - Client Onboarding System,Build streamlined client onboarding workflow,21,P1,Sprint 14,Personas/Frontend,F003-05 P001-01,Client onboarding completed in under 2 hours,90%,,#FFEBEE
Task,P001-02-01 - Create client onboarding wizard,Build step-by-step wizard for new client setup,8,P1,Sprint 14,Personas/Frontend,P001-01-04,Onboarding wizard guides through complete client setup,85%,,#FFEBEE
Task,P001-02-02 - Build Purview configuration interface,Create interface for configuring client Purview connections,8,P1,Sprint 15,Personas/Frontend,F003-05 P001-02-01,Purview configuration interface working with connection testing,90%,,#FFEBEE
Task,P001-02-03 - Implement client validation and verification,Build validation system for new client data and configurations,5,P1,Sprint 15,Personas/Frontend,P001-02-02,Client validation ensures complete and accurate setup,90%,,#FFEBEE
Story,P001-03 - Team Management System,Build comprehensive team management for law firm staff,21,P1,Sprint 15,Personas/Frontend,F002-06 P001-02,Team management supporting role assignments and client access,90%,,#FFEBEE
Task,P001-03-01 - Build team member management interface,Create interface for adding and managing law firm team members,8,P1,Sprint 15,Personas/Frontend,F002-06 P001-02-03,Team management interface supports all CRUD operations,85%,,#FFEBEE
Task,P001-03-02 - Implement role assignment system,Build system for assigning roles and client access permissions,8,P1,Sprint 15,Personas/Frontend,P001-03-01,Role assignment system working with granular permissions,90%,,#FFEBEE
Task,P001-03-03 - Create team workload and productivity tracking,Build dashboard for tracking team productivity and assignments,5,P1,Sprint 15,Personas/Frontend,P001-03-02,Productivity tracking shows team performance metrics,80%,,#FFEBEE
Story,P001-04 - Executive Reporting and Analytics,Build executive reporting system with custom report generation,18,P1,Sprint 16,Personas/Frontend,F005-07 P001-03,Executive reporting with custom reports and scheduled delivery,85%,,#FFEBEE
Task,P001-04-01 - Create executive dashboard widget,Build executive dashboard showing high-level KPIs and metrics,8,P1,Sprint 16,Personas/Frontend,P001-03-03,Executive dashboard provides comprehensive business overview,80%,,#FFEBEE
Task,P001-04-02 - Build custom report generator,Create system for generating custom reports across all clients,5,P1,Sprint 16,Personas/Frontend,P001-04-01,Custom report generator supports flexible report creation,85%,,#FFEBEE
Task,P001-04-03 - Implement scheduled report delivery,Build system for automated report generation and delivery,5,P1,Sprint 16,Personas/Frontend,P001-04-02,Scheduled reporting delivers reports automatically,80%,,#FFEBEE
Story,P001-05 - Billing and Revenue Management,Build billing management system for law firm operations,16,P1,Sprint 16,Personas/Frontend,F004-06 P001-04,Billing management tracking revenue and client costs,80%,,#FFEBEE
Task,P001-05-01 - Build billing dashboard,Create dashboard for tracking billing and revenue across clients,8,P1,Sprint 16,Personas/Frontend,P001-04-03,Billing dashboard shows accurate revenue and cost data,80%,,#FFEBEE
Task,P001-05-02 - Create client billing management,Build interface for managing individual client billing,5,P1,Sprint 16,Personas/Frontend,P001-05-01,Client billing management supports flexible billing models,80%,,#FFEBEE
Task,P001-05-03 - Implement revenue analytics,Build analytics for tracking revenue trends and profitability,3,P1,Sprint 16,Personas/Frontend,P001-05-02,Revenue analytics provide insights into business performance,75%,,#FFEBEE
Story,P001-06 - Module Integration and Testing,Integrate law firm admin module with dashboard framework,13,P1,Sprint 17,Personas/Testing,F002-09 P001-05,Law firm admin module fully integrated and tested,90%,,#FFEBEE
Task,P001-06-01 - Register module with dashboard framework,Register all widgets and menu items with F002 dashboard system,5,P1,Sprint 17,Personas/Integration,F002-09 P001-05-03,Module registration working with dashboard framework,90%,,#FFEBEE
Task,P001-06-02 - Integration testing with all services,Test integration with Purview compliance and incident services,5,P1,Sprint 17,Personas/Testing,P001-06-01,Integration testing passes with all backend services,90%,,#FFEBEE
Task,P001-06-03 - End-to-end workflow testing,Test complete law firm admin workflows from onboarding to reporting,3,P1,Sprint 17,Personas/Testing,P001-06-02,End-to-end workflows tested and functional,85%,,#FFEBEE
Epic,P002 - Law Firm Operations Portal Module,Operations portal for day-to-day incident management,380,P1,,Personas,F002-09 F004-06 F005-07 F006-05,Operations module for managers and analysts,80%,,#FCE4EC
Story,P002-01 - Incident Management Dashboard,Build comprehensive incident management interface for operations,26,P1,Sprint 14,Personas/Frontend,F002-09 F004-06,Incident management dashboard supporting complete workflow,90%,,#FCE4EC
Task,P002-01-01 - Build incident overview dashboard,Create dashboard showing all active incidents with status,8,P1,Sprint 14,Personas/Frontend,F004-06,Incident dashboard displays real-time incident status,85%,,#FCE4EC
Task,P002-01-02 - Create incident creation interface,Build interface for creating new incidents with validation,8,P1,Sprint 14,Personas/Frontend,P002-01-01,Incident creation interface supports all incident types,90%,,#FCE4EC
Task,P002-01-03 - Implement incident assignment system,Build system for assigning incidents to team members,5,P1,Sprint 14,Personas/Frontend,P002-01-02,Incident assignment system working with notifications,85%,,#FCE4EC
Task,P002-01-04 - Create incident status workflow interface,Build interface for managing incident status transitions,5,P1,Sprint 14,Personas/Frontend,P002-01-03,Status workflow interface enforces proper progressions,90%,,#FCE4EC
Story,P002-02 - Compliance Assessment Tools,Build interface for AI-powered compliance assessments,21,P1,Sprint 15,Personas/Frontend,F005-07 P002-01,Compliance assessment tools integrated with AI engine,95%,,#FCE4EC
Task,P002-02-01 - Build compliance assessment interface,Create interface for triggering and viewing compliance assessments,8,P1,Sprint 15,Personas/Frontend,F005-07 P002-01-04,Compliance interface shows AI-powered assessment results,90%,,#FCE4EC
Task,P002-02-02 - Create jurisdiction and timeline calculator,Build calculator for compliance timelines and requirements,8,P1,Sprint 15,Personas/Frontend,P002-02-01,Timeline calculator shows accurate compliance deadlines,95%,,#FCE4EC
Task,P002-02-03 - Implement exemption evaluation interface,Build interface for evaluating and applying regulatory exemptions,5,P1,Sprint 15,Personas/Frontend,P002-02-02,Exemption interface helps identify applicable safe harbors,90%,,#FCE4EC
Story,P002-03 - Evidence Management Interface,Build comprehensive evidence management for analysts,21,P1,Sprint 15,Personas/Frontend,F004-02 P002-02,Evidence management with chain of custody and validation,95%,,#FCE4EC
Task,P002-03-01 - Build evidence upload interface,Create secure interface for uploading and managing evidence,8,P1,Sprint 15,Personas/Frontend,F004-02 P002-02-03,Evidence upload interface supports all file types securely,90%,,#FCE4EC
Task,P002-03-02 - Create chain of custody tracking,Build interface for tracking evidence chain of custody,8,P1,Sprint 16,Personas/Frontend,P002-03-01,Chain of custody interface maintains complete audit trail,95%,,#FCE4EC
Task,P002-03-03 - Implement evidence validation tools,Build tools for validating evidence integrity and completeness,5,P1,Sprint 16,Personas/Frontend,P002-03-02,Evidence validation ensures integrity with SHA-256 verification,95%,,#FCE4EC
Story,P002-04 - Notification Generation Interface,Build interface for generating and managing notifications,18,P1,Sprint 16,Personas/Frontend,F006-05 P002-03,Notification generation interface with preview and approval,90%,,#FCE4EC
Task,P002-04-01 - Create notification draft interface,Build interface for generating notification drafts,8,P1,Sprint 16,Personas/Frontend,F006-05 P002-03-03,Draft interface generates accurate notifications from templates,85%,,#FCE4EC
Task,P002-04-02 - Build notification preview and editing,Create preview system with editing capabilities for drafts,5,P1,Sprint 16,Personas/Frontend,P002-04-01,Preview system shows accurate notification formatting,85%,,#FCE4EC
Task,P002-04-03 - Implement approval workflow interface,Build interface for notification approval and review process,5,P1,Sprint 16,Personas/Frontend,P002-04-02,Approval workflow interface supports multi-step review,90%,,#FCE4EC
Story,P002-05 - Task Management and Collaboration,Build task management and collaboration tools for operations,16,P1,Sprint 17,Personas/Frontend,P002-04,Task management supporting team collaboration and deadlines,85%,,#FCE4EC
Task,P002-05-01 - Build task dashboard and assignment,Create dashboard for task management and assignments,8,P1,Sprint 17,Personas/Frontend,P002-04-03,Task dashboard supports assignment and progress tracking,80%,,#FCE4EC
Task,P002-05-02 - Create team collaboration interface,Build interface for team communication and collaboration,5,P1,Sprint 17,Personas/Frontend,P002-05-01,Collaboration interface supports threaded discussions,80%,,#FCE4EC
Task,P002-05-03 - Implement deadline tracking and alerts,Build system for tracking deadlines with automated alerts,3,P1,Sprint 17,Personas/Frontend,P002-05-02,Deadline tracking provides proactive alerts for approaching deadlines,85%,,#FCE4EC
Story,P002-06 - Module Integration and Testing,Integrate operations module with dashboard framework,13,P1,Sprint 17,Personas/Testing,F002-09 P002-05,Operations module fully integrated and tested,90%,,#FCE4EC
Task,P002-06-01 - Register module with dashboard framework,Register all widgets and components with F002 dashboard system,5,P1,Sprint 17,Personas/Integration,F002-09 P002-05-03,Module registration working with role-based access,90%,,#FCE4EC
Task,P002-06-02 - Integration testing with backend services,Test integration with incident compliance and notification services,5,P1,Sprint 17,Personas/Testing,P002-06-01,Integration testing passes with all required services,90%,,#FCE4EC
Task,P002-06-03 - End-to-end operations workflow testing,Test complete operational workflows for managers and analysts,3,P1,Sprint 18,Personas/Testing,P002-06-02,End-to-end operations workflows tested and functional,85%,,#FCE4EC
Epic,P003 - Enterprise Command Center Module,Self-service portal for enterprise clients,274,P1,,Personas,F002-09 F004-06 F005-07,Enterprise client self-service module with role-based access,80%,,#E3F2FD
Story,P003-01 - Company-Wide Compliance Dashboard,Build comprehensive compliance dashboard for enterprise admins,21,P1,Sprint 15,Personas/Frontend,F002-09 F005-07,Company compliance dashboard with real-time status across all divisions,90%,,#E3F2FD
Task,P003-01-01 - Build company compliance overview widget,Create widget showing enterprise-wide compliance status,8,P1,Sprint 15,Personas/Frontend,F005-07,Compliance overview shows company-wide status accurately,85%,,#E3F2FD
Task,P003-01-02 - Create subsidiary compliance tracking,Build interface for tracking compliance across subsidiaries,8,P1,Sprint 15,Personas/Frontend,P003-01-01,Subsidiary tracking supports complex organizational hierarchies,90%,,#E3F2FD
Task,P003-01-03 - Implement compliance scorecard system,Build scorecard system for tracking compliance performance,5,P1,Sprint 15,Personas/Frontend,P003-01-02,Compliance scorecard provides clear performance metrics,85%,,#E3F2FD
Story,P003-02 - Self-Service Incident Management,Build self-service incident reporting for enterprise users,21,P1,Sprint 16,Personas/Frontend,F004-06 P003-01,Self-service incident management with automatic routing,90%,,#E3F2FD
Task,P003-02-01 - Create incident self-reporting interface,Build interface for enterprise users to report incidents,8,P1,Sprint 16,Personas/Frontend,P003-01-03,Self-reporting interface guides users through incident creation,85%,,#E3F2FD
Task,P003-02-02 - Build incident status tracking dashboard,Create dashboard for tracking incident status and progress,8,P1,Sprint 16,Personas/Frontend,P003-02-01,Status tracking provides real-time incident updates,85%,,#E3F2FD
Task,P003-02-03 - Implement approval workflow for incidents,Build workflow for enterprise admin approval of incidents,5,P1,Sprint 16,Personas/Frontend,P003-02-02,Approval workflow ensures proper incident escalation,90%,,#E3F2FD
Story,P003-03 - Enterprise User Management,Build user management system for enterprise organizations,18,P1,Sprint 16,Personas/Frontend,F002-06 P003-02,Enterprise user management supporting complex hierarchies,90%,,#E3F2FD
Task,P003-03-01 - Build enterprise user administration,Create interface for managing enterprise users and roles,8,P1,Sprint 16,Personas/Frontend,F002-06 P003-02-03,User administration supports enterprise role hierarchy,85%,,#E3F2FD
Task,P003-03-02 - Create department and division management,Build interface for managing organizational structure,5,P1,Sprint 17,Personas/Frontend,P003-03-01,Department management supports complex organizational structures,85%,,#E3F2FD
Task,P003-03-03 - Implement user access control interface,Build interface for managing user permissions and access,5,P1,Sprint 17,Personas/Frontend,P003-03-02,Access control interface provides granular permission management,90%,,#E3F2FD
Story,P003-04 - Audit Trail and Reporting,Build comprehensive audit trail and reporting for enterprise,16,P1,Sprint 17,Personas/Frontend,P003-03,Audit trail and reporting providing complete activity history,90%,,#E3F2FD
Task,P003-04-01 - Build audit trail viewer,Create interface for viewing comprehensive audit trail,8,P1,Sprint 17,Personas/Frontend,P003-03-03,Audit trail viewer shows complete activity history,90%,,#E3F2FD
Task,P003-04-02 - Create compliance reporting system,Build system for generating compliance reports,5,P1,Sprint 17,Personas/Frontend,P003-04-01,Compliance reporting generates accurate regulatory reports,85%,,#E3F2FD
Task,P003-04-03 - Implement report scheduling and delivery,Build system for automated report generation and delivery,3,P1,Sprint 17,Personas/Frontend,P003-04-02,Report scheduling delivers reports automatically to stakeholders,80%,,#E3F2FD
Story,P003-05 - Module Integration and Testing,Integrate enterprise module with dashboard framework,13,P1,Sprint 18,Personas/Testing,F002-09 P003-04,Enterprise module fully integrated and tested,90%,,#E3F2FD
Task,P003-05-01 - Register module with dashboard framework,Register enterprise widgets with F002 dashboard framework,5,P1,Sprint 18,Personas/Integration,F002-09 P003-04-03,Module registration working with enterprise role hierarchy,90%,,#E3F2FD
Task,P003-05-02 - Integration testing with backend services,Test integration with compliance and incident management services,5,P1,Sprint 18,Personas/Testing,P003-05-01,Integration testing passes with all enterprise features,90%,,#E3F2FD
Task,P003-05-03 - End-to-end enterprise workflow testing,Test complete enterprise workflows for all user roles,3,P1,Sprint 18,Personas/Testing,P003-05-02,Enterprise workflows tested for admin manager and viewer roles,85%,,#E3F2FD
Epic,P004 - Channel Partner Platform Module,White-label platform for channel partners,225,P2,,Personas,F002-09 F005-07,Channel partner module with white-label capabilities,80%,,#FFF3E0
Story,P004-01 - Partner Branding and White-Label System,Build comprehensive white-label customization system,21,P2,Sprint 18,Personas/Frontend,F002-09,White-label system supporting complete partner branding,85%,,#FFF3E0
Task,P004-01-01 - Build branding customization interface,Create interface for partners to customize branding and themes,8,P2,Sprint 18,Personas/Frontend,F002-09,Branding interface supports logos colors and themes,80%,,#FFF3E0
Task,P004-01-02 - Implement domain and URL customization,Build system for partner-specific domains and URLs,8,P2,Sprint 18,Personas/Frontend,P004-01-01,Domain customization supports partner-specific branding,85%,,#FFF3E0
Task,P004-01-03 - Create white-label dashboard framework integration,Integrate white-label features with F002 dashboard framework,5,P2,Sprint 18,Personas/Frontend,P004-01-02,White-label integration works with dashboard framework,85%,,#FFF3E0
Story,P004-02 - Multi-Client Management for Partners,Build partner client management supporting multiple organizations,18,P2,Sprint 19,Personas/Frontend,P004-01,Partner client management supporting multiple client organizations,85%,,#FFF3E0
Task,P004-02-01 - Build partner client dashboard,Create dashboard for partners to manage multiple client organizations,8,P2,Sprint 19,Personas/Frontend,P004-01-03,Partner dashboard shows all client organizations with status,80%,,#FFF3E0
Task,P004-02-02 - Create client onboarding workflow for partners,Build workflow for partners to onboard new clients,5,P2,Sprint 19,Personas/Frontend,P004-02-01,Client onboarding workflow guides partners through setup,80%,,#FFF3E0
Task,P004-02-03 - Implement partner client access controls,Build access controls for partner access to client data,5,P2,Sprint 19,Personas/Frontend,P004-02-02,Access controls ensure proper partner-client data isolation,90%,,#FFF3E0
Story,P004-03 - Partner Billing and Commission Tracking,Build billing and commission system for channel partners,16,P2,Sprint 19,Personas/Frontend,P004-02,Partner billing system tracking commissions and revenue,80%,,#FFF3E0
Task,P004-03-01 - Build partner billing dashboard,Create dashboard for tracking partner billing and commissions,8,P2,Sprint 19,Personas/Frontend,P004-02-03,Billing dashboard shows accurate partner revenue data,75%,,#FFF3E0
Task,P004-03-02 - Create commission calculation system,Build system for calculating partner commissions,5,P2,Sprint 19,Personas/Frontend,P004-03-01,Commission system calculates accurate partner payments,80%,,#FFF3E0
Task,P004-03-03 - Implement billing report generation,Build reporting system for partner billing and revenue,3,P2,Sprint 19,Personas/Frontend,P004-03-02,Billing reports provide detailed revenue and commission data,75%,,#FFF3E0
Story,P004-04 - Module Integration and Testing,Integrate partner module with dashboard framework,13,P2,Sprint 20,Personas/Testing,F002-09 P004-03,Partner module fully integrated with white-label features,85%,,#FFF3E0
Task,P004-04-01 - Register module with dashboard framework,Register partner module with F002 dashboard framework,5,P2,Sprint 20,Personas/Integration,F002-09 P004-03-03,Module registration supports white-label customization,85%,,#FFF3E0
Task,P004-04-02 - Integration testing with compliance services,Test partner access to compliance services for client management,5,P2,Sprint 20,Personas/Testing,P004-04-01,Integration testing passes for partner client management,85%,,#FFF3E0
Task,P004-04-03 - End-to-end partner workflow testing,Test complete partner workflows including client management and billing,3,P2,Sprint 20,Personas/Testing,P004-04-02,Partner workflows tested with white-label customization,80%,,#FFF3E0
Epic,P005 - Platform Administration Console Module,System administration for platform super admins,330,P2,,Personas,F002-09 All Services,Platform admin module for system-wide management,80%,,#9C27B0
Story,P005-01 - Multi-Tenant Management Dashboard,Build comprehensive tenant management for platform admins,26,P2,Sprint 18,Personas/Frontend,F002-09,Multi-tenant management dashboard for platform administration,90%,,#9C27B0
Task,P005-01-01 - Build tenant overview dashboard,Create dashboard showing all platform tenants with status,8,P2,Sprint 18,Personas/Frontend,F002-09,Tenant overview shows comprehensive platform usage,85%,,#9C27B0
Task,P005-01-02 - Create tenant configuration management,Build interface for managing tenant settings and limits,8,P2,Sprint 18,Personas/Frontend,P005-01-01,Tenant configuration supports resource limits and features,90%,,#9C27B0
Task,P005-01-03 - Implement tenant resource monitoring,Build monitoring system for tenant resource usage,5,P2,Sprint 18,Personas/Frontend,P005-01-02,Resource monitoring tracks tenant usage accurately,85%,,#9C27B0
Task,P005-01-04 - Create tenant billing and subscription management,Build system for managing tenant subscriptions and billing,5,P2,Sprint 19,Personas/Frontend,P005-01-03,Billing management supports flexible subscription models,80%,,#9C27B0
Story,P005-02 - System Health and Performance Monitoring,Build comprehensive system monitoring dashboard,21,P2,Sprint 19,Personas/Frontend,P005-01,System monitoring dashboard showing platform health,90%,,#9C27B0
Task,P005-02-01 - Build service health monitoring dashboard,Create dashboard showing health of all platform services,8,P2,Sprint 19,Personas/Frontend,P005-01-04,Health monitoring shows real-time service status,90%,,#9C27B0
Task,P005-02-02 - Create performance metrics dashboard,Build dashboard for system performance and capacity metrics,8,P2,Sprint 19,Personas/Frontend,P005-02-01,Performance dashboard provides comprehensive system metrics,85%,,#9C27B0
Task,P005-02-03 - Implement alert and incident management,Build system for managing platform alerts and incidents,5,P2,Sprint 19,Personas/Frontend,P005-02-02,Alert management handles platform incidents efficiently,85%,,#9C27B0
Story,P005-03 - Security and Audit Management,Build security monitoring and audit management system,18,P2,Sprint 20,Personas/Frontend,P005-02,Security monitoring with comprehensive audit capabilities,95%,,#9C27B0
Task,P005-03-01 - Build security monitoring dashboard,Create dashboard for monitoring security events and threats,8,P2,Sprint 20,Personas/Frontend,P005-02-03,Security dashboard shows real-time threat monitoring,90%,,#9C27B0
Task,P005-03-02 - Create comprehensive audit log viewer,Build interface for viewing and analyzing platform audit logs,5,P2,Sprint 20,Personas/Frontend,P005-03-01,Audit log viewer provides comprehensive activity history,95%,,#9C27B0
Task,P005-03-03 - Implement emergency access procedures,Build interface for emergency access and break-glass procedures,5,P2,Sprint 20,Personas/Frontend,P005-03-02,Emergency procedures tested and documented,95%,,#9C27B0
Story,P005-04 - Module Integration and Testing,Integrate admin module with all platform services,16,P2,Sprint 20,Personas/Testing,F002-09 P005-03,Admin module integrated with all platform services,95%,,#9C27B0
Task,P005-04-01 - Register module with dashboard framework,Register admin module with F002 dashboard framework,5,P2,Sprint 20,Personas/Integration,F002-09 P005-03-03,Admin module registration supports super admin privileges,95%,,#9C27B0
Task,P005-04-02 - Integration testing with all services,Test admin module integration with all platform services,8,P2,Sprint 20,Personas/Testing,P005-04-01,Integration testing covers all platform administration functions,95%,,#9C27B0
Task,P005-04-03 - End-to-end platform administration testing,Test complete platform administration workflows,3,P2,Sprint 20,Personas/Testing,P005-04-02,Platform administration workflows tested and functional,90%,,#9C27B0
