Issue Type,Summary,Description,Story Points,Priority,Sprint,Component,Dependencies,Acceptance Criteria,Test Coverage Required,Assignee
Epic,F001 - Platform Foundation,Core authentication and multi-tenancy setup for the Atraiva platform,240,P0,,Foundation,,Multi-tenant authentication system working with Clerk integration,80%,
Story,F001-BE-001 - Setup Firebase project and configuration,Initialize Firebase project with proper security rules and collections,3,P0,Sprint 1,Foundation/Backend,,Firebase connection established and basic configuration working,85%,
Task,F001-BE-002 - Setup Clerk authentication integration,Integrate Clerk.dev for authentication with Firebase backend,5,P0,Sprint 2,Foundation/Backend,F001-BE-001,Clerk authentication working with user creation in Firebase,90%,
Story,F001-BE-003 - Implement user management API endpoints,Build CRUD API endpoints for user management operations,8,P0,Sprint 2,Foundation/Backend,F001-BE-002,User management APIs work correctly with proper validation,90%,
Task,F001-BE-004 - Create Firebase user collections and schema,Design and implement Firestore collections for user data,5,P0,Sprint 2,Foundation/Backend,F001-BE-001,User collections created with proper schema and indexing,85%,
Story,F001-BE-005 - Implement multi-tenant organization setup,Build multi-tenant architecture with organization isolation,8,P0,Sprint 2,Foundation/Backend,F001-BE-004,Organizations properly isolated with tenant-specific data access,90%,
Task,F001-BE-006 - Create session management backend,Implement server-side session management and validation,5,P0,Sprint 2,Foundation/Backend,F001-BE-002,Sessions managed properly with timeout and renewal,85%,
Story,F001-BE-007 - Implement auth middleware for API protection,Create middleware to protect API endpoints with authentication,8,P0,Sprint 2,Foundation/Backend,F001-BE-003,All protected endpoints require valid authentication,95%,
Task,F001-BE-008 - Setup rate limiting and security headers,Implement API rate limiting and security headers,5,P0,Sprint 2,Foundation/Backend,F001-BE-007,Rate limiting prevents abuse and security headers are properly set,80%,
Story,F001-BE-009 - Implement audit logging system,Build comprehensive audit logging for all user actions,8,P0,Sprint 2,Foundation/Backend,F001-BE-004,All user actions logged with immutable audit trail,90%,
Task,F001-BE-010 - Create database security rules,Implement Firestore security rules for data protection,8,P0,Sprint 2,Foundation/Backend,F001-BE-005,Database security rules prevent unauthorized access,95%,
Story,F001-BE-011 - Setup email service integration,Integrate email service for notifications and password reset,5,P0,Sprint 2,Foundation/Backend,F001-BE-002,Email sending works for authentication flows,85%,
Task,F001-BE-012 - Implement user role and permission system,Build role-based access control foundation,2,P0,Sprint 2,Foundation/Backend,F001-BE-005,Basic RBAC system working with role assignments,90%,
Story,F001-D-001 - Design authentication flow wireframes,Create comprehensive wireframes for login/signup/password reset flows,3,P0,Sprint 1,Foundation/Design,,Wireframes approved by stakeholders and accessible design verified,N/A,
Task,F001-D-002 - Create login/signup screen mockups,Build high-fidelity mockups for authentication screens,5,P0,Sprint 1,Foundation/Design,F001-D-001,High-fidelity mockups match wireframes and follow design system,N/A,
Sub-task,F001-D-003 - Design system components for auth,Create reusable authentication components for design system,5,P0,Sprint 1,Foundation/Design,F001-D-002,Design system components documented and approved,N/A,
Story,F001-D-004 - Mobile responsive auth screen designs,Design responsive layouts for all authentication screens,5,P0,Sprint 1,Foundation/Design,F001-D-003,Responsive designs work on mobile/tablet/desktop breakpoints,N/A,
Task,F001-D-005 - Design error states and validation UX,Design error states and form validation user experience,3,P0,Sprint 1,Foundation/Design,F001-D-002,Error states and validation flows provide clear user guidance,N/A,
Story,F001-D-006 - Accessibility review for auth flows,Ensure WCAG 2.1 AA compliance for authentication flows,5,P0,Sprint 1,Foundation/Design,F001-D-004,All auth flows meet WCAG 2.1 AA accessibility standards,N/A,
Task,F001-D-007 - Design API specification for authentication,Create OpenAPI specification for all authentication endpoints,8,P0,Sprint 1,Foundation/API,,Complete API specification with all auth endpoints documented,N/A,
Story,F001-D-008 - Security architecture review,Review and approve security architecture for authentication system,8,P0,Sprint 1,Foundation/Security,F001-D-007,Security architecture approved by security team,N/A,
Task,F001-D-009 - Multi-tenant architecture design,Design tenant isolation strategy and implementation approach,6,P0,Sprint 1,Foundation/Architecture,F001-D-008,Multi-tenant architecture documented and approved,N/A,
Story,F001-E2E-001 - Complete login journey test,Test complete login flow from UI to backend,2,P0,Sprint 3,Foundation/Testing,F001-FE-003,Login journey works end-to-end in browser,85%,
Task,F001-E2E-002 - Complete signup journey test,Test complete signup and email verification flow,2,P0,Sprint 3,Foundation/Testing,F001-FE-004,Signup journey works end-to-end including email verification,85%,
Story,F001-E2E-003 - Password reset journey test,Test password reset request and completion flow,2,P0,Sprint 3,Foundation/Testing,F001-FE-005,Password reset works end-to-end with email,85%,
Task,F001-E2E-004 - MFA setup and login test,Test MFA setup and subsequent login with MFA,2,P0,Sprint 3,Foundation/Testing,F001-FE-006,MFA workflows tested end-to-end,85%,
Story,F001-E2E-005 - Session timeout and refresh test,Test session timeout handling and automatic refresh,2,P0,Sprint 3,Foundation/Testing,F001-FE-012,Session management works properly in browser,85%,
Task,F001-E2E-006 - Cross-browser compatibility test,Test authentication flows across different browsers,2,P0,Sprint 3,Foundation/Testing,All frontend tasks,Auth works on Chrome/Firefox/Safari/Edge,85%,
Story,F001-FE-001 - Setup Next.js project with TypeScript,Initialize Next.js 15.4+ project with TypeScript and project structure,5,P0,Sprint 1,Foundation/Frontend,,Project builds successfully and follows TypeScript best practices,80%,
Task,F001-FE-002 - Install and configure Tailwind CSS + shadcn/ui,Setup styling system with Tailwind CSS and shadcn/ui components,3,P0,Sprint 1,Foundation/Frontend,F001-FE-001,Design system components render correctly and styling works,80%,
Story,F001-FE-003 - Implement login component,Build React login component with form validation and error handling,5,P0,Sprint 2,Foundation/Frontend,F001-D-003,Login component works with proper validation and error states,80%,
Task,F001-FE-004 - Implement signup component,Build React signup component with comprehensive form validation,5,P0,Sprint 2,Foundation/Frontend,F001-D-003,Signup component handles all input validation and user feedback,80%,
Story,F001-FE-005 - Implement password reset flow,Build password reset request and confirmation components,5,P0,Sprint 2,Foundation/Frontend,F001-FE-003,Password reset flow works end-to-end with email integration,80%,
Task,F001-FE-006 - Implement MFA setup components,Build multi-factor authentication setup and verification components,8,P0,Sprint 2,Foundation/Frontend,F001-FE-004,MFA setup works with TOTP and SMS methods,80%,
Story,F001-FE-007 - Create auth context/state management,Implement React context for authentication state management,8,P0,Sprint 2,Foundation/Frontend,F001-FE-003,Authentication state persists across app and updates properly,90%,
Task,F001-FE-008 - Implement protected routes,Create route protection based on authentication status and roles,5,P0,Sprint 2,Foundation/Frontend,F001-FE-007,Protected routes redirect correctly based on auth status,90%,
Story,F001-FE-009 - Add comprehensive form validation,Implement client-side validation for all authentication forms,5,P0,Sprint 2,Foundation/Frontend,F001-FE-003,Form validation provides immediate feedback and prevents invalid submissions,80%,
Task,F001-FE-010 - Implement error handling and loading states,Add error boundaries and loading indicators for auth flows,5,P0,Sprint 2,Foundation/Frontend,F001-FE-009,Error handling gracefully manages all failure scenarios,80%,
Story,F001-FE-011 - Mobile optimization for auth screens,Optimize authentication screens for mobile devices,5,P0,Sprint 2,Foundation/Frontend,F001-D-004,Auth screens work properly on all mobile devices and orientations,80%,
Task,F001-FE-012 - Implement session management UI,Build UI components for session management and timeout handling,6,P0,Sprint 2,Foundation/Frontend,F001-FE-007,Session management UI updates properly and handles timeouts,80%,
Task,F001-IT-001 - Clerk authentication integration tests,Test Clerk integration with live authentication flows,3,P0,Sprint 3,Foundation/Testing,F001-BE-002,Clerk integration tested with real authentication,85%,
Story,F001-IT-002 - Firebase database integration tests,Test Firebase CRUD operations and data persistence,3,P0,Sprint 3,Foundation/Testing,F001-BE-004,Database operations tested with real Firebase,85%,
Task,F001-IT-003 - API endpoint integration tests,Test all authentication API endpoints with integration tests,3,P0,Sprint 3,Foundation/Testing,F001-BE-003,All API endpoints tested in integrated environment,85%,
Story,F001-IT-004 - Session persistence integration tests,Test session persistence across browser restarts and timeouts,3,P0,Sprint 3,Foundation/Testing,F001-BE-006,Session lifecycle tested end-to-end,85%,
Task,F001-IT-005 - Multi-tenant data isolation tests,Test that tenant data is properly isolated,3,P0,Sprint 3,Foundation/Testing,F001-BE-005,Data isolation verified across multiple tenants,90%,
Story,F001-QA-001 - Code review and refactoring,Comprehensive code review and refactoring for quality,5,P0,Sprint 4,Foundation/QA,All dev tasks,Code meets quality standards and best practices,N/A,
Task,F001-QA-002 - Performance optimization,Optimize authentication performance for production load,5,P0,Sprint 4,Foundation/QA,All frontend tasks,Core Web Vitals score above 90,N/A,
Story,F001-QA-003 - Bug fixes from testing phase,Fix all critical and high priority bugs from testing,8,P0,Sprint 4,Foundation/QA,All testing tasks,All critical and high bugs resolved,N/A,
Task,F001-QA-004 - User acceptance testing with stakeholders,Conduct UAT sessions with project stakeholders,3,P0,Sprint 4,Foundation/QA,F001-QA-003,Stakeholder approval received for authentication system,N/A,
Story,F001-QA-005 - Production deployment preparation,Prepare authentication system for production deployment,4,P0,Sprint 4,Foundation/QA,F001-QA-004,System ready for production deployment with monitoring,N/A,
Story,F001-SEC-001 - Authentication bypass testing,Test for authentication bypass vulnerabilities,5,P0,Sprint 3,Foundation/Security,F001-BE-007,No authentication bypass vulnerabilities found,95%,
Task,F001-SEC-002 - Session hijacking prevention test,Test session security and hijacking prevention,5,P0,Sprint 3,Foundation/Security,F001-BE-006,Sessions secure against hijacking attacks,95%,
Story,F001-SEC-003 - OWASP Top 10 compliance check,Verify authentication system meets OWASP Top 10 guidelines,5,P0,Sprint 3,Foundation/Security,All backend tasks,System compliant with OWASP Top 10,95%,
Task,F001-SEC-004 - Multi-tenant data leakage testing,Test for data leakage between tenants,5,P0,Sprint 3,Foundation/Security,F001-BE-005,No tenant data leakage detected,95%,
Story,F001-UT-001 - Unit tests for auth components,Write comprehensive unit tests for authentication React components,5,P0,Sprint 3,Foundation/Testing,F001-FE-003,All auth components tested with 100% coverage,100%,
Task,F001-UT-002 - Unit tests for auth API endpoints,Write unit tests for all authentication API endpoints,5,P0,Sprint 3,Foundation/Testing,F001-BE-003,All auth APIs tested with 100% coverage,100%,
Story,F001-UT-003 - Unit tests for validation logic,Write unit tests for client-side validation functions,3,P0,Sprint 3,Foundation/Testing,F001-FE-009,Form validation logic tested with 100% coverage,100%,
Task,F001-UT-004 - Unit tests for auth middleware,Write unit tests for authentication middleware,5,P0,Sprint 3,Foundation/Testing,F001-BE-007,Auth middleware tested with 100% coverage,100%,
Story,F001-UT-005 - Unit tests for session management,Write unit tests for session management functionality,5,P0,Sprint 3,Foundation/Testing,F001-BE-006,Session management tested with 100% coverage,100%,
Task,F001-UT-006 - Unit tests for multi-tenant logic,Write unit tests for multi-tenant isolation logic,5,P0,Sprint 3,Foundation/Testing,F001-BE-005,Multi-tenant logic tested with 100% coverage,100%,
Story,F001-UT-007 - Unit tests for audit logging,Write unit tests for audit logging system,2,P0,Sprint 3,Foundation/Testing,F001-BE-009,Audit logging tested with 100% coverage,100%,
Epic,F002 - User Management & RBAC with Dashboard Framework,User management system with role-based access control and unified dashboard framework,385,P0,,Foundation,,Complete RBAC system with dynamic dashboard generation based on user roles,85%,
Story,F002-BE-001 - Implement user CRUD operations,Build comprehensive user management backend operations,8,P0,Sprint 4,Foundation/Backend,F001-BE-004,User CRUD operations working with proper validation,90%,
Task,F002-BE-002 - Create RBAC system backend,Implement role-based access control system backend,10,P0,Sprint 4,Foundation/Backend,F002-BE-001,RBAC system working with role assignments,95%,
Story,F002-BE-003 - Build organization management API,Create API for organization and tenant management,8,P0,Sprint 4,Foundation/Backend,F002-BE-001,Organization management API functional,90%,
Task,F002-BE-004 - Implement dashboard configuration API,Build API for dashboard configuration management,10,P0,Sprint 5,Foundation/Backend,F002-BE-002,Dashboard configuration API working,90%,
Story,F002-BE-005 - Create widget registration API,Build API for widget registration and management,8,P0,Sprint 5,Foundation/Backend,F002-BE-004,Widget registration API functional,85%,
Task,F002-BE-006 - Build menu generation API,Create API for dynamic menu generation based on roles,8,P0,Sprint 5,Foundation/Backend,F002-BE-002,Menu generation API working properly,90%,
Story,F002-BE-007 - Implement user preference management,Build system for managing user preferences and settings,5,P0,Sprint 5,Foundation/Backend,F002-BE-001,User preference management working,85%,
Task,F002-BE-008 - Create invitation system backend,Build backend for user invitation and onboarding,8,P0,Sprint 5,Foundation/Backend,F002-BE-003,Invitation system backend functional,90%,
Story,F002-BE-009 - Implement dashboard theme system,Build theming system for dashboard customization,5,P0,Sprint 6,Foundation/Backend,F002-BE-004,Dashboard theming system working,80%,
Task,F002-BE-010 - Build analytics tracking for dashboard usage,Implement analytics for dashboard usage patterns,5,P0,Sprint 6,Foundation/Backend,F002-BE-004,Dashboard analytics tracking functional,80%,
Story,F002-BE-011 - Create backup and export system for configurations,Build system for backing up and exporting configurations,8,P0,Sprint 6,Foundation/Backend,F002-BE-004,Configuration backup/export system working,85%,
Task,F002-BE-012 - Implement dashboard caching layer,Build caching system for dashboard performance,7,P0,Sprint 6,Foundation/Backend,F002-BE-006,Dashboard caching improving performance,80%,
Story,F002-D-001 - Design user management interface wireframes,Create wireframes for user management and administration interfaces,5,P0,Sprint 2,Foundation/Design,F001-D-003,User management flows designed and approved,N/A,
Task,F002-D-002 - Design RBAC permission matrix,Design comprehensive role-based access control permission structure,5,P0,Sprint 2,Foundation/Design,F002-D-001,Complete permission matrix documented and approved,N/A,
Story,F002-D-003 - Design dashboard framework wireframes,Design unified dashboard framework that supports multiple user types,8,P0,Sprint 2,Foundation/Design,F002-D-002,Dashboard framework wireframes approved,N/A,
Task,F002-D-004 - Design role-based menu systems,Design dynamic menu generation based on user roles,5,P0,Sprint 2,Foundation/Design,F002-D-003,Role-based menu specifications documented,N/A,
Story,F002-D-005 - Design widget system architecture,Design widget registration and management system for dashboards,8,P0,Sprint 2,Foundation/Design,F002-D-003,Widget system architecture documented,N/A,
Task,F002-D-006 - Create dashboard mockups for all user roles,Create role-specific dashboard mockups for all user types,8,P0,Sprint 3,Foundation/Design,F002-D-004,Dashboard mockups for all roles approved,N/A,
Story,F002-D-007 - Design user onboarding flows,Design user invitation and onboarding user journeys,5,P0,Sprint 3,Foundation/Design,F002-D-001,Onboarding flows designed and approved,N/A,
Task,F002-D-008 - Design organization management interface,Design multi-tenant organization management interface,5,P0,Sprint 3,Foundation/Design,F002-D-006,Organization management interface designed,N/A,
Story,F002-D-009 - Mobile responsive dashboard designs,Design mobile layouts for dashboard framework,5,P0,Sprint 3,Foundation/Design,F002-D-006,Mobile dashboard layouts approved,N/A,
Task,F002-D-010 - Accessibility review for dashboards,Ensure dashboard framework meets WCAG 2.1 AA standards,3,P0,Sprint 3,Foundation/Design,F002-D-009,Dashboard accessibility compliance verified,N/A,
Story,F002-D-011 - Design API specification for dashboard framework,Create API specification for dashboard and widget management,3,P0,Sprint 3,Foundation/API,F002-D-005,Dashboard API specification completed,N/A,
Story,F002-E2E-001 - Complete user onboarding journey,Test complete user onboarding flow end-to-end,3,P0,Sprint 8,Foundation/Testing,F002-FE-008,User onboarding works end-to-end,85%,
Task,F002-E2E-002 - Role-based dashboard access test,Test role-specific dashboard generation and access,3,P0,Sprint 8,Foundation/Testing,F002-FE-007,Role-based dashboards working properly,85%,
Story,F002-E2E-003 - Organization setup and management flow,Test organization creation and management workflow,3,P0,Sprint 8,Foundation/Testing,F002-FE-009,Organization management workflow functional,85%,
Task,F002-E2E-004 - Dashboard customization journey,Test dashboard customization and personalization flow,3,P0,Sprint 8,Foundation/Testing,F002-FE-010,Dashboard customization working end-to-end,85%,
Story,F002-E2E-005 - Permission inheritance and override test,Test complex permission scenarios and inheritance,3,P0,Sprint 8,Foundation/Testing,F002-FE-002,Complex permission scenarios working,85%,
Task,F002-E2E-006 - Mobile dashboard navigation test,Test dashboard navigation on mobile devices,3,P0,Sprint 8,Foundation/Testing,F002-FE-011,Mobile dashboard navigation functional,85%,
Story,F002-E2E-007 - Cross-browser dashboard compatibility,Test dashboard compatibility across browsers,2,P0,Sprint 8,Foundation/Testing,All F002-FE tasks,Dashboard works across all major browsers,85%,
Task,F002-FE-001 - Implement user management components,Build React components for user administration,8,P0,Sprint 4,Foundation/Frontend,F002-D-001,User management components working with proper validation,80%,
Story,F002-FE-002 - Build RBAC permission checking system,Implement client-side permission checking for UI elements,8,P0,Sprint 4,Foundation/Frontend,F002-D-002,Permission checking system working correctly,90%,
Task,F002-FE-003 - Create dashboard framework core,Build core dashboard framework with layout and navigation,13,P0,Sprint 4,Foundation/Frontend,F002-D-003,Dashboard framework core functional,90%,
Story,F002-FE-004 - Implement dynamic menu system,Build menu system that generates based on user roles,8,P0,Sprint 4,Foundation/Frontend,F002-D-004,Dynamic menu system working properly,85%,
Task,F002-FE-005 - Build widget registration system,Implement widget registration and management system,10,P0,Sprint 4,Foundation/Frontend,F002-D-005,Widget registration system functional,85%,
Story,F002-FE-006 - Create dashboard layout components,Build reusable dashboard layout and container components,8,P0,Sprint 5,Foundation/Frontend,F002-FE-003,Dashboard layouts working responsively,80%,
Task,F002-FE-007 - Implement role-based dashboard generation,Build system to generate dashboards based on user roles,10,P0,Sprint 5,Foundation/Frontend,F002-FE-004,Role-based dashboard generation working,90%,
Story,F002-FE-008 - Build user invitation and onboarding flow,Implement user invitation and onboarding interface,8,P0,Sprint 5,Foundation/Frontend,F002-D-007,User onboarding flow functional,80%,
Task,F002-FE-009 - Create organization management interface,Build interface for managing organizations and tenants,8,P0,Sprint 5,Foundation/Frontend,F002-D-008,Organization management interface working,80%,
Story,F002-FE-010 - Implement dashboard customization features,Build dashboard customization and personalization features,8,P0,Sprint 5,Foundation/Frontend,F002-FE-007,Dashboard customization working and persisting,80%,
Task,F002-FE-011 - Mobile optimization for dashboard framework,Optimize dashboard framework for mobile devices,6,P0,Sprint 6,Foundation/Frontend,F002-D-009,Dashboard works properly on mobile devices,80%,
Task,F002-IT-001 - Dashboard framework integration tests,Test dashboard framework integration with backend,5,P0,Sprint 7,Foundation/Testing,F002-FE-003,Dashboard framework integration verified,85%,
Story,F002-IT-002 - RBAC permission integration tests,Test RBAC permission enforcement across system,5,P0,Sprint 7,Foundation/Testing,F002-FE-002,RBAC integration tested thoroughly,90%,
Task,F002-IT-003 - Widget registration integration tests,Test widget registration and lifecycle management,5,P0,Sprint 7,Foundation/Testing,F002-FE-005,Widget lifecycle integration tested,85%,
Story,F002-IT-004 - Multi-tenant organization tests,Test multi-tenant organization isolation,5,P0,Sprint 8,Foundation/Testing,F002-BE-003,Organization isolation integration tested,90%,
Task,F002-IT-005 - Dashboard customization integration tests,Test dashboard customization and persistence,5,P0,Sprint 8,Foundation/Testing,F002-FE-010,Dashboard customization integration working,85%,
Task,F002-QA-001 - Code review and architecture review,Comprehensive code and architecture review,8,P0,Sprint 9,Foundation/QA,All F002 dev tasks,Code quality and architecture standards met,N/A,
Story,F002-QA-002 - Dashboard performance optimization,Optimize dashboard performance for production,8,P0,Sprint 9,Foundation/QA,F002-FE-003,Dashboard loads in under 2 seconds,N/A,
Task,F002-QA-003 - Bug fixes from comprehensive testing,Fix all bugs identified during testing phase,10,P0,Sprint 9,Foundation/QA,All F002 testing tasks,All critical and high bugs resolved,N/A,
Story,F002-QA-004 - User acceptance testing with multiple roles,Conduct UAT with different user role scenarios,5,P0,Sprint 9,Foundation/QA,F002-QA-003,Multi-role stakeholder approval received,N/A,
Task,F002-QA-005 - Production deployment and monitoring setup,Prepare dashboard system for production deployment,4,P0,Sprint 9,Foundation/QA,F002-QA-004,System ready for production with monitoring,N/A,
Task,F002-SEC-001 - RBAC privilege escalation testing,Test for privilege escalation vulnerabilities in RBAC,8,P0,Sprint 8,Foundation/Security,F002-BE-002,No privilege escalation vulnerabilities found,95%,
Story,F002-SEC-002 - Multi-tenant data isolation testing,Test tenant data isolation in dashboard framework,8,P0,Sprint 8,Foundation/Security,F002-BE-003,Tenant data isolation verified,95%,
Task,F002-SEC-003 - Dashboard XSS and injection testing,Test dashboard for XSS and injection vulnerabilities,5,P0,Sprint 8,Foundation/Security,F002-FE-003,No XSS or injection vulnerabilities found,95%,
Story,F002-SEC-004 - API authorization testing,Test API authorization across all dashboard endpoints,4,P0,Sprint 8,Foundation/Security,All F002-BE tasks,API authorization working properly,95%,
Story,F002-UT-001 - Unit tests for user management components,Write unit tests for user management React components,5,P0,Sprint 6,Foundation/Testing,F002-FE-001,User management components tested with 100% coverage,100%,
Task,F002-UT-002 - Unit tests for RBAC system,Write unit tests for RBAC permission checking system,8,P0,Sprint 6,Foundation/Testing,F002-FE-002,RBAC system tested with 100% coverage,100%,
Story,F002-UT-003 - Unit tests for dashboard framework core,Write unit tests for dashboard framework core functionality,8,P0,Sprint 7,Foundation/Testing,F002-FE-003,Dashboard framework tested with 100% coverage,100%,
Task,F002-UT-004 - Unit tests for widget system,Write unit tests for widget registration and management,5,P0,Sprint 7,Foundation/Testing,F002-FE-005,Widget system tested with 100% coverage,100%,
Story,F002-UT-005 - Unit tests for menu generation,Write unit tests for dynamic menu generation,5,P0,Sprint 7,Foundation/Testing,F002-FE-004,Menu generation tested with 100% coverage,100%,
Task,F002-UT-006 - Unit tests for dashboard APIs,Write unit tests for all dashboard backend APIs,8,P0,Sprint 7,Foundation/Testing,F002-BE-004,Dashboard APIs tested with 100% coverage,100%,
Story,F002-UT-007 - Unit tests for organization management,Write unit tests for organization management functionality,6,P0,Sprint 7,Foundation/Testing,F002-FE-009,Organization management tested with 100% coverage,100%,
Epic,F003 - Purview Integration Service,Microsoft Purview integration for PII discovery and data classification,355,P1,,Services,,Purview integration working with automated PII discovery and snapshot comparisons,85%,
Epic,F004 - Incident Management Service,Comprehensive incident management system for breach handling,490,P1,,Services,,Complete incident lifecycle management with compliance assessment,85%,
Epic,F005 - AI-Enhanced Compliance Engine Service,AI-powered regulatory compliance assessment and notification requirement engine with ML capabilities,570,P1,,Services,,AI-enhanced automated compliance assessment for all 50 states and regulations with >90% accuracy,85%,
Story,F005-AI-001 - Setup Python AI/ML microservice infrastructure,Initialize Python environment with LangChain and LangGraph for AI compliance processing,5,P1,Sprint 9,Services/AI,F002-QA-005,Python microservice ready with AI frameworks,85%,
Story,F005-AI-002 - Implement LangChain LLM regulatory interpretation,Build LLM system for interpreting regulatory text and extracting compliance requirements,13,P1,Sprint 9,Services/AI,F005-AI-001,LLM accurately interprets regulation text with confidence scoring,90%,
Task,F005-AI-003 - Build RAG system for regulation knowledge base,Create Retrieval Augmented Generation system for regulation context and matching,10,P1,Sprint 9,Services/AI,F005-AI-002,RAG system provides accurate regulation context for queries,90%,
Story,F005-AI-004 - Create ML compliance prediction models,Build machine learning models to predict compliance requirements and timelines,13,P1,Sprint 10,Services/AI,F005-AI-003,ML models achieve >90% accuracy on compliance predictions,95%,
Task,F005-AI-005 - Implement AI confidence scoring system,Build confidence scoring for AI assessments to enable human oversight,8,P1,Sprint 10,Services/AI,F005-AI-004,Confidence scores accurately reflect AI assessment reliability,90%,
Story,F005-AI-006 - Build AI-powered jurisdiction identification,Create AI system to identify applicable jurisdictions for incidents,8,P1,Sprint 10,Services/AI,F005-AI-002,AI correctly identifies all applicable jurisdictions,90%,
Task,F005-AI-007 - Implement semantic search for regulation matching,Build semantic search system for finding relevant regulations,8,P1,Sprint 11,Services/AI,F005-AI-003,Semantic search finds relevant regulations with high precision,85%,
Story,F005-AI-008 - Create automated exemption evaluation system,Build AI system to evaluate regulatory exemptions and safe harbors,10,P1,Sprint 11,Services/AI,F005-AI-004,AI correctly evaluates exemptions and safe harbors,90%,
Task,F005-AI-009 - Build ML-powered timeline optimization,Create ML system to optimize notification timelines for compliance,8,P1,Sprint 11,Services/AI,F005-AI-008,ML optimizes timelines while ensuring compliance,85%,
Story,F005-AI-010 - Implement AI feedback learning system,Build system for AI to learn from user feedback and improve accuracy,8,P1,Sprint 11,Services/AI,F005-AI-005,System learns from feedback and shows measurable improvement,85%,
Task,F005-AI-011 - Create natural language compliance queries,Build system for users to query compliance requirements in natural language,10,P1,Sprint 12,Services/AI,F005-AI-007,Users can query compliance requirements using natural language,80%,
Story,F005-AI-012 - Build AI assessment explanation generator,Create system to generate clear explanations for AI compliance decisions,8,P1,Sprint 12,Services/AI,F005-AI-010,AI provides clear and understandable explanations for all decisions,85%,
Task,F005-AI-013 - Implement vector database for regulation storage,Setup vector database for efficient storage and retrieval of regulatory data,8,P1,Sprint 12,Services/AI,F005-AI-003,Vector database enables fast similarity search and retrieval,90%,
Story,F005-AI-014 - Create AI model version management system,Build system to track and manage different versions of AI models,5,P1,Sprint 12,Services/AI,F005-AI-004,Model versions are tracked and can be rolled back safely,90%,
Task,F005-AI-015 - Build AI performance monitoring dashboard,Create dashboard to monitor AI model performance and accuracy metrics,8,P1,Sprint 12,Services/AI,F005-AI-014,Dashboard shows comprehensive AI performance metrics,80%,
Story,F005-AI-016 - Implement batch AI processing capabilities,Build system for batch processing multiple compliance assessments,10,P1,Sprint 12,Services/AI,F005-AI-004,Batch processing handles multiple assessments efficiently,85%,
Task,F005-AI-017 - Create A/B testing framework for AI models,Build framework to test and compare different AI model versions,8,P1,Sprint 12,Services/AI,F005-AI-014,Framework enables systematic A/B testing of AI models,85%,
Story,F005-AI-018 - Build LangGraph workflow orchestration,Implement LangGraph for orchestrating complex AI workflows,13,P1,Sprint 12,Services/AI,F005-AI-002,LangGraph orchestrates complex AI workflows efficiently,90%,
Task,F005-AI-019 - Implement AI-enhanced compliance API endpoints,Create API endpoints that serve AI-powered compliance assessments,10,P1,Sprint 12,Services/AI,F005-AI-018,API endpoints serve accurate AI-powered compliance data,90%,
Epic,F006 - Notification Service,Multi-channel notification delivery system with templates,300,P2,,Services,,Multi-channel notification system with approval workflows,85%,
Epic,F007 - Scan Agent Service,Python microservice for automated regulatory data scraping and parsing from government sources,280,P1,,Services,,Automated regulatory scanning with LangChain processing and >99% data accuracy,85%,
Story,F007-BE-001 - Setup Python FastAPI microservice framework,Initialize Python FastAPI framework for regulatory data scraping service,8,P1,Sprint 7,Services/Backend,F002-BE-004,FastAPI microservice framework operational,85%,
Story,F007-BE-002 - Implement web scraping engine,Build web scraping engine using BeautifulSoup and Playwright for regulatory sites,15,P1,Sprint 7,Services/Backend,F007-BE-001,Web scraping engine handles static and dynamic content,90%,
Task,F007-BE-003 - Build PDF parsing system,Create PDF parsing system using PyPDF2 and pdfplumber for regulatory documents,13,P1,Sprint 8,Services/Backend,F007-BE-002,PDF parsing extracts text with high accuracy,90%,
Story,F007-BE-004 - Create LangChain document processing,Implement LangChain document processing pipeline for regulatory content,13,P1,Sprint 8,Services/Backend,F007-BE-003,LangChain processes documents and extracts regulations,90%,
Task,F007-BE-005 - Implement LangGraph workflow orchestration,Build LangGraph workflow orchestration for complex scraping workflows,10,P1,Sprint 9,Services/Backend,F007-BE-004,LangGraph orchestrates scraping workflows efficiently,90%,
Story,Test Scan Service,Test Scan Service e-2-e,20,P1,Sprint 9,Services/Backend,F007-BE-005,LangGraph orchestrates scraping workflows efficiently,90%,
Epic,F008 - Intel Agent Service,AI-powered threat intelligence scanner with RAG and LLM integration,340,P1,,Services,,Threat intelligence monitoring with >85% relevance and <1 hour detection latency,85%,
Story,F008-BE-001 - Setup Python FastAPI with AI frameworks,Initialize Python FastAPI microservice with LLM and RAG frameworks,10,P1,Sprint 8,Services/Backend,F002-BE-004,AI-enabled FastAPI microservice operational,85%,
Story,F008-BE-002 - Implement LLM integration for threat analysis,Build LLM integration for analyzing and categorizing threat intelligence,15,P1,Sprint 8,Services/Backend,F008-BE-001,LLM accurately analyzes threat intelligence feeds,90%,
Task,F008-BE-003 - Build RAG system with vector database,Create RAG system with vector database for threat intelligence context,15,P1,Sprint 9,Services/Backend,F008-BE-002,RAG system provides contextual threat analysis,90%,
Story,F008-BE-004 - Create threat feed ingestion system,Build system to ingest threat intelligence from multiple security feeds,13,P1,Sprint 9,Services/Backend,F008-BE-001,Threat feed ingestion handles 20+ sources reliably,90%,
Task,F008-BE-005 - Implement threat classification engine,Build ML-powered threat classification and scoring system,10,P1,Sprint 10,Services/Backend,F008-BE-003,Threat classification achieves >85% accuracy,90%,
Task,F008-BE-006 -Test the Intel agent,Test the agent,20,P1,Sprint 10,Services/Backend,F008-BE-003,Threat classification achieves >85% accuracy,90%,
Epic,F009 - Dry Run Simulation Service,Interactive breach simulation platform with AI-powered playbook generation,360,P1,Sprint 10,Services/Backend,F008-BE-003,Threat classification achieves >85% accuracy,90%,
Story,F009-BE-001 - Setup simulation engine microservice,Initialize simulation engine microservice for breach scenario processing,8,P1,Sprint 9,Services/Backend,F002-BE-004,Simulation microservice framework operational,85%,
Story,F009-BE-002 - Build scenario definition system,Create system for defining and storing breach simulation scenarios,13,P1,Sprint 9,Services/Backend,F009-BE-001,Scenario definition system supports complex breach scenarios,90%,
Task,F009-BE-003 - Create simulation execution engine,Build simulation execution engine for processing breach scenarios,15,P1,Sprint 10,Services/Backend,F009-BE-002,Simulation engine processes scenarios in <8 minutes,95%,
Story,F009-BE-004 - Implement AI playbook generation,Build AI-powered system to generate response playbooks from simulations,15,P1,Sprint 10,Services/Backend,F009-BE-003 F005-AI-002,AI generates accurate playbooks with >97% completeness,90%,
Task,F009-BE-005 - Build training analytics system,Create analytics system for tracking simulation performance and learning,10,P1,Sprint 11,Services/Backend,F009-BE-004,Analytics provide comprehensive training metrics,85%,
Epic,F010 - Infrastructure Setup & DevOps,Development environment setup deployment infrastructure and CI/CD pipelines,180,P0,,Infrastructure,,Complete development and production infrastructure ready with monitoring,95%,
Story,F010-CICD-001 - Setup GitHub Actions workflows,Configure GitHub Actions for automated CI/CD pipelines,8,P0,Sprint 2,Infrastructure/CICD,F010-INF-003,CI/CD pipelines automate testing and deployment,90%,
Task,F010-CICD-002 - Configure deployment automation,Setup automated deployment with rollback capabilities for all services,8,P0,Sprint 2,Infrastructure/CICD,F010-CICD-001,Automated deployments work reliably with rollback,90%,
Story,F010-INF-001 - Setup Google Cloud Project,Initialize Google Cloud Project with basic infrastructure components,8,P0,Sprint 1,Infrastructure/Cloud,F010-D-001,GCP project configured with proper permissions and billing,95%,
Story,F010-INF-002 - Configure Firebase and Firestore,Setup Firebase project with Firestore database and security rules,8,P0,Sprint 1,Infrastructure/Cloud,F010-INF-001,Firebase and Firestore operational with security rules,95%,
Task,F010-INF-003 - Setup Cloud Run microservices,Configure Cloud Run services for hosting Python and Node.js microservices,10,P0,Sprint 1,Infrastructure/Cloud,F010-INF-002,Cloud Run services deploy and scale automatically,95%,
Epic,P001 - Law Firm Admin Portal Module,Administrative portal module for law firm administrators,310,P1,,Personas,,Law firm admin module integrated with dashboard framework,80%,
Epic,P002 - Law Firm Operations Portal Module,Operations portal module for day-to-day incident management,380,P1,,Personas,,Operations module for managers and analysts,80%,
Epic,P003 - Enterprise Command Center Module,Self-service portal module for enterprise clients,274,P1,,Personas,,Enterprise client self-service module with role-based access,80%,
Epic,P004 - Channel Partner Platform Module,White-label platform module for channel partners,225,P2,,Personas,,Channel partner module with white-label capabilities,80%,
Epic,P005 - Platform Administration Console Module,System administration module for platform super admins,330,P2,,Personas,,Platform admin module for system-wide management,80%,
Story,F005-AGENT-001 - Design system architect validation,Validate compliance engine design against system architecture standards,3,P1,Sprint 13,Agent-Validation/Design,F005-D-001 F005-D-002,Design compliance validated by agent,N/A,design-system-architect
Story,F005-AGENT-002 - UI designer validation for compliance interfaces,Validate all compliance UI components meet WCAG 2.1 AA standards,5,P1,Sprint 13,Agent-Validation/Frontend,All F005-FE tasks,WCAG 2.1 AA compliance verified by agent,N/A,ui-designer
Task,F005-AGENT-003 - Backend architect validation,Validate backend architecture and API design for compliance engine,5,P1,Sprint 13,Agent-Validation/Backend,All F005-BE tasks,Architecture and API design approved by agent,N/A,backend-architect
Story,F005-AGENT-004 - AI/ML architecture validation,Validate AI/ML implementation architecture and design patterns,5,P1,Sprint 13,Agent-Validation/AI,All F005-AI tasks,AI/ML implementation validated by agent,N/A,backend-architect
Task,F005-AGENT-005 - Security engineer validation,Validate security implementation and vulnerability resolution,5,P1,Sprint 13,Agent-Validation/Security,F005-SEC-001 F005-SEC-005,Security vulnerabilities addressed and validated by agent,N/A,security-engineer
Story,F005-AGENT-006 - Test engineer validation,Validate testing strategy coverage and quality assurance,5,P1,Sprint 13,Agent-Validation/Testing,All F005 testing tasks,Testing strategy and coverage validated by agent,N/A,test-engineer
Task,F005-AGENT-007 - Compliance officer HIPAA validation,Validate HIPAA compliance implementation and audit trail,5,P1,Sprint 13,Agent-Validation/Compliance,F005-BE-010 F005-AI-005,HIPAA compliance verified by agent,N/A,compliance-officer
Story,F005-AGENT-008 - Performance optimizer validation,Validate performance benchmarks and optimization implementation,3,P1,Sprint 13,Agent-Validation/Performance,F005-QA-002 F005-QA-003,Performance benchmarks met and validated by agent,N/A,performance-optimizer
Task,F005-AGENT-009 - Task orchestrator workflow validation,Validate complete feature workflow and process compliance,4,P1,Sprint 13,Agent-Validation/Workflow,All F005-AGENT tasks,Complete workflow validation approved by agent,N/A,task-orchestrator
